Time [ms],Volumeflow_Air [m^3/h],Volumeflow_Water [m^3/h],T_Water_In [°C],T_1_Back [°C],T_1_bottom [°C],T_1_Front [°C],T_2_Top [°C],T_2_Back [°C],T_2_Bottom [°C],T_2_Front [°C],T_1_Top_Combi [°C],T_2_Top_Combi [°C],rel_Humid_1 [%],rel_Humid_2 [%],dp_HEPA [Pa],dp_Rainwasher [Pa],dp_RainwasherToOut [Pa]
995,300.60330,0.00266,17.10001,12.10001,12.30000,12.00000,11.90001,12.00000,10.10001,12.20000,12.02917,12.14270,53.06864,53.69122,178.19390,1.64921,7.70999
1993,300.31990,0.00253,17.10001,12.10001,12.30000,12.00000,11.90001,12.00000,10.10001,12.20000,12.02185,12.13904,53.07169,53.69427,177.54630,1.64603,8.18581
2996,300.07150,0.00252,17.10001,12.10001,12.30000,12.00000,11.90001,12.00000,10.10001,12.20000,12.02551,12.14637,53.06864,53.69122,177.27260,1.63618,7.25240
3996,300.59590,0.00276,17.10001,12.10001,12.30000,12.00000,11.90001,12.00000,10.10001,12.20000,12.02551,12.13538,53.07169,53.69122,177.73550,1.69467,7.41191
5003,300.84760,0.00258,17.10001,12.10001,12.30000,12.00000,11.90001,12.00000,10.10001,12.20000,12.02551,12.14270,53.07169,53.68511,178.02030,1.63427,8.77660
5996,299.49040,0.00264,17.10001,12.10001,12.30000,12.00000,11.90001,12.00000,10.10001,12.20000,12.02551,12.13904,53.09916,53.68816,176.81980,1.67718,10.10269
7005,298.52620,0.00263,17.10001,12.10001,12.30000,12.00000,11.90001,12.00000,10.10001,12.20000,12.02551,12.13904,53.10221,53.68511,176.91770,1.71088,11.19632
7997,298.30620,0.00270,17.10001,12.10001,12.30000,12.00000,11.90001,12.00000,10.10001,12.20000,12.02551,12.14637,53.09916,53.69122,177.25040,1.62505,10.69778
8997,298.40690,0.00274,17.10001,12.10001,12.30000,12.00000,11.90001,12.00000,10.10001,12.20000,12.02551,12.14637,53.10221,53.68511,176.65620,1.67242,10.64557
9997,298.60820,0.00236,17.10001,12.10001,12.30000,12.00000,11.90001,12.00000,10.10001,12.20000,12.02551,12.13538,53.06864,53.69427,177.11580,1.70421,11.53105
11004,298.26510,0.00260,17.20000,12.10001,12.30000,12.00000,11.90001,12.00000,10.10001,12.20000,12.02551,12.13904,53.07474,53.68511,177.58200,1.67496,10.64272
11996,298.63250,0.00259,17.10001,12.10001,12.30000,12.00000,11.90001,12.00000,10.10001,12.20000,12.02551,12.13538,53.07169,53.68816,177.77110,1.65779,10.65880
12996,299.23760,0.00260,17.10001,12.10001,12.30000,12.00000,11.90001,12.00000,10.10001,12.20000,12.02551,12.14270,53.06864,53.73699,177.68430,1.64063,11.38318
14005,299.18360,0.00266,17.10001,12.10001,12.30000,12.00000,11.90001,12.00000,10.10001,12.10001,12.02551,12.13904,53.07169,53.72784,176.97560,1.67560,11.31363
14998,298.87840,0.00259,17.10001,12.10001,12.30000,12.00000,11.90001,12.00000,10.10001,12.20000,12.02185,12.13172,53.06253,53.72478,176.47710,1.71819,11.99043
15999,299.30080,0.00257,17.20000,12.10001,12.30000,12.00000,11.90001,12.00000,10.10001,12.20000,12.02185,12.13904,53.06864,53.72784,177.43060,1.65620,9.46593
16998,300.46260,0.00260,17.20000,12.10001,12.30000,12.00000,11.90001,12.00000,10.10001,12.20000,12.02917,12.13904,53.07474,53.72784,177.62870,1.72392,7.19554
17997,300.80690,0.00264,17.20000,12.10001,12.30000,12.00000,11.90001,12.00000,10.10001,12.20000,12.02551,12.13538,53.06864,53.72784,177.53740,1.65430,8.06583
18994,300.66070,0.00266,17.20000,12.10001,12.30000,12.00000,11.90001,12.00000,10.10001,12.10001,12.02185,12.13538,53.03201,53.73089,177.75780,1.65525,7.55835
19996,300.48110,0.00253,17.20000,12.10001,12.30000,12.00000,11.90001,12.00000,10.10001,12.20000,12.02551,12.13538,53.02896,53.72784,177.18140,1.62918,7.47574
21003,300.64400,0.00258,17.20000,12.10001,12.30000,12.00000,11.90001,12.00000,10.10001,12.20000,12.01818,12.13172,53.03201,53.72784,177.44620,1.68545,8.09032
21996,300.74030,0.00248,17.20000,12.10001,12.30000,12.00000,11.90001,12.00000,10.10001,12.20000,12.02551,12.13538,53.02896,53.72478,177.46290,1.63077,8.18115
22995,300.53670,0.00251,17.20000,12.10001,12.30000,12.00000,11.90001,12.00000,10.10001,12.20000,12.02551,12.12073,53.03506,53.72784,177.60640,1.61996,7.71231
23992,300.45140,0.00271,17.20000,12.10001,12.30000,12.00000,11.90001,12.00000,10.10001,12.10001,12.02551,12.13172,52.99234,53.73394,177.04790,1.69817,6.93608
24995,300.62000,0.00266,17.20000,12.10001,12.30000,12.00000,11.90001,12.00000,10.10001,12.20000,12.02551,12.13904,52.99539,53.73089,177.30820,1.67273,8.33244
26001,301.10830,0.00250,17.20000,12.10001,12.30000,12.00000,11.90001,12.00000,10.10001,12.20000,12.02551,12.13172,52.99539,53.73089,177.67210,1.62600,8.69507
27002,300.81610,0.00259,17.20000,12.10001,12.30000,12.00000,11.90001,12.00000,10.10001,12.20000,12.02917,12.13904,52.99234,53.70037,177.40620,1.70961,7.49522
27994,300.54030,0.00270,17.20000,12.10001,12.30000,12.00000,11.90001,12.00000,10.10001,12.10001,12.02551,12.13904,52.99234,53.69427,178.14270,1.64221,7.30766
28998,300.80870,0.00266,17.20000,12.10001,12.30000,12.00000,11.90001,12.00000,10.10001,12.20000,12.02185,12.12073,52.99539,53.69122,178.53430,1.62696,7.70158
29999,300.90490,0.00259,17.20000,12.10001,12.30000,12.00000,11.90001,12.00000,10.10001,12.20000,12.01818,12.13538,52.99539,53.68511,178.60000,1.71024,7.95531
30997,300.72360,0.00277,17.20000,12.10001,12.30000,12.00000,11.90001,12.00000,10.10001,12.20000,12.02551,12.13904,52.99539,53.68816,177.88120,1.64667,7.74039
31996,300.71990,0.00270,17.20000,12.10001,12.30000,12.00000,11.90001,12.00000,10.10001,12.20000,12.02917,12.13538,52.99234,53.65459,177.94910,1.68386,7.59036
32996,300.84390,0.00283,17.20000,12.10001,12.30000,12.00000,11.90001,12.00000,10.10001,12.20000,12.02551,12.14270,52.99539,53.65764,178.37860,1.64476,7.26492
33995,300.59220,0.00263,17.20000,12.10001,12.30000,12.00000,11.90001,12.00000,10.10001,12.20000,12.02551,12.13904,52.99539,53.66069,177.66870,1.65207,7.57355
34993,300.53300,0.00270,17.20000,12.10001,12.30000,12.00000,11.90001,12.00000,10.10001,12.30000,12.02551,12.13538,52.99539,53.65459,176.84760,1.67146,7.50882
36002,300.46260,0.00267,17.20000,12.10001,12.30000,12.00000,11.90001,12.00000,10.10001,12.20000,12.02917,12.13904,52.99234,53.65764,176.90330,1.66828,8.81863
36997,299.38820,0.00270,17.20000,12.10001,12.30000,12.00000,11.90001,12.00000,10.10001,12.20000,12.02185,12.13904,52.99234,53.63017,176.16890,1.69181,10.20409
37995,298.56350,0.00263,17.20000,12.10001,12.30000,12.00000,11.90001,12.00000,10.10001,12.20000,12.05848,12.12806,52.95877,53.63017,175.48800,1.67750,10.50664
39001,298.67160,0.00253,17.20000,12.10001,12.30000,12.00000,11.90001,12.00000,10.10001,12.20000,12.05848,12.14270,52.95877,53.62712,176.44710,1.71565,12.04460
39999,298.62130,0.00266,17.20000,12.10001,12.30000,12.00000,11.90001,12.00000,10.10001,12.20000,12.05848,12.14270,52.95877,53.63628,176.78420,1.62123,11.84023
40995,299.02550,0.00258,17.20000,12.10001,12.30000,12.00000,11.90001,12.00000,10.10001,12.20000,12.05481,12.13538,52.94961,53.59050,177.20030,1.69308,12.01170
42005,299.14460,0.00248,17.20000,12.10001,12.30000,12.00000,11.90001,12.00000,10.10001,12.10001,12.05848,12.13172,52.96182,53.59050,177.56520,1.66192,12.58928
42995,298.75730,0.00266,17.20000,12.10001,12.30000,12.00000,11.90001,12.00000,10.10001,12.20000,12.05848,12.14270,52.96182,53.59966,177.23260,1.71501,11.52928
44000,298.74990,0.00272,17.20000,12.10001,12.30000,12.00000,11.90001,12.00000,10.10001,12.20000,12.06580,12.13904,52.95877,53.59355,176.42150,1.65493,11.82217
45000,298.95290,0.00244,17.20000,12.10001,12.30000,12.00000,11.90001,12.00000,10.10001,12.20000,12.05481,12.13904,52.95266,53.59355,176.22680,1.68736,12.13939
45998,299.08500,0.00275,17.20000,12.10001,12.30000,12.00000,11.90001,12.00000,10.10001,12.20000,12.06946,12.13538,52.95877,53.58745,176.53160,1.64380,12.11435
46999,299.22090,0.00251,17.20000,12.10001,12.30000,12.00000,11.90001,12.00000,10.10001,12.20000,12.02551,12.13172,52.96182,53.58745,176.93890,1.71628,12.24756
47998,299.52200,0.00265,17.20000,12.10001,12.30000,12.00000,11.90001,12.00000,10.10001,12.20000,12.02917,12.13538,52.95266,53.59050,177.82560,1.67146,12.18748
48999,300.38660,0.00248,17.20000,12.10001,12.30000,12.00000,11.90001,12.00000,10.10001,12.20000,12.02551,12.13904,52.95266,53.59355,177.59860,1.60852,10.75304
49995,300.71250,0.00255,17.20000,12.10001,12.30000,12.00000,11.90001,12.00000,10.10001,12.20000,12.02551,12.13904,52.96487,53.58745,176.80760,1.65557,8.21407
50997,300.58290,0.00257,17.20000,12.10001,12.30000,12.00000,11.90001,12.00000,10.10001,12.20000,12.05848,12.13172,52.96182,53.62712,177.53970,1.60947,7.60288
51994,300.79770,0.00253,17.20000,12.10001,12.30000,12.00000,11.90001,12.00000,10.10001,12.20000,12.05848,12.14270,52.96182,53.63322,178.04930,1.68831,8.13503
52993,300.75880,0.00259,17.20000,12.10001,12.30000,12.00000,11.90001,12.00000,10.10001,12.20000,12.05848,12.13538,52.95266,53.63017,178.22730,1.69054,8.06743
53999,300.72730,0.00257,17.20000,12.10001,12.40001,12.00000,11.90001,12.00000,10.10001,12.10001,12.06580,12.13538,52.96182,53.63017,178.46430,1.67241,7.20519
55004,300.69030,0.00266,17.20000,12.10001,12.30000,12.00000,11.90001,12.00000,10.10001,12.20000,12.05848,12.13904,52.96182,53.63017,178.30070,1.69784,7.38704
55998,300.85680,0.00258,17.20000,12.10001,12.30000,12.00000,11.90001,12.00000,10.10001,12.20000,12.02551,12.14270,52.96182,53.59355,177.97470,1.64730,8.82149
57009,300.89020,0.00276,17.20000,12.10001,12.40001,12.10001,11.90001,12.00000,10.10001,12.20000,12.02551,12.13904,52.95877,53.59050,177.03680,1.66033,8.44759
58003,300.53670,0.00260,17.20000,12.10001,12.40001,12.10001,11.90001,12.00000,10.10001,12.20000,12.02551,12.14637,52.96182,53.59050,176.64070,1.58913,7.09880
58996,300.38660,0.00260,17.20000,12.10001,12.30000,12.00000,11.90001,12.00000,10.10001,12.20000,12.02185,12.13904,52.96182,53.59355,177.10690,1.62123,6.60814
59999,300.60890,0.00258,17.20000,12.10001,12.30000,12.00000,11.90001,12.00000,10.10001,12.20000,12.02185,12.14270,52.96487,53.63017,176.54280,1.63268,6.10280
60995,300.75690,0.00247,17.20000,12.10001,12.30000,12.00000,11.90001,12.00000,10.10001,12.20000,12.02917,12.13904,52.96182,53.62712,176.33910,1.67687,6.17093
61994,300.74210,0.00249,17.20000,12.20000,12.30000,12.00000,11.90001,12.00000,10.10001,12.10001,12.02551,12.13904,52.96182,53.63017,177.85680,1.67241,7.54779
62995,300.69590,0.00250,17.20000,12.10001,12.40001,12.00000,11.90001,12.00000,10.10001,12.10001,12.02551,12.13538,52.95877,53.63017,178.38080,1.67845,8.13252
63997,300.76800,0.00253,17.20000,12.20000,12.30000,12.00000,11.90001,12.00000,10.10001,12.20000,12.02917,12.13538,52.96182,53.62407,178.56220,1.63331,7.90257
64995,300.78650,0.00257,17.20000,12.10001,12.30000,12.10001,11.90001,12.00000,10.10001,12.20000,12.02185,12.13904,52.95266,53.59355,178.66670,1.64794,8.27129
65998,300.57560,0.00257,17.20000,12.10001,12.30000,12.00000,11.90001,12.00000,10.10001,12.20000,12.02551,12.14270,52.96487,53.59355,178.13710,1.69403,8.41504
66999,299.74110,0.00264,17.20000,12.10001,12.40001,12.00000,11.90001,12.00000,10.10001,12.20000,12.02551,12.13538,52.96182,53.58134,177.61980,1.65302,9.83519
67996,299.05520,0.00254,17.20000,12.10001,12.40001,12.00000,11.90001,12.00000,10.10001,12.10001,12.02551,12.13904,52.95877,53.58440,177.39280,1.63872,11.63316
68996,299.16500,0.00249,17.20000,12.10001,12.30000,12.00000,11.90001,12.00000,10.10001,12.20000,12.02917,12.13904,52.96487,53.59966,177.56860,1.65175,11.73436
69995,299.13340,0.00247,17.20000,12.10001,12.30000,12.00000,11.90001,12.00000,10.10001,12.20000,12.02917,12.13172,52.99539,53.54778,177.44620,1.67655,11.73936
70995,298.59900,0.00252,17.20000,12.20000,12.30000,12.00000,11.90001,12.00000,10.20000,12.20000,12.02917,12.13172,52.99539,53.55693,176.49270,1.69340,10.98032
71993,298.32480,0.00265,17.20000,12.10001,12.30000,12.00000,11.90001,12.00000,10.10001,12.20000,12.02185,12.13904,52.99844,53.55693,176.24790,1.67559,11.04271
72998,298.88210,0.00256,17.20000,12.10001,12.30000,12.00000,11.90001,12.00000,10.10001,12.20000,12.02917,12.13538,52.98928,53.55083,177.18920,1.72455,11.72203
73999,299.18550,0.00257,17.20000,12.10001,12.40001,12.00000,11.90001,12.00000,10.10001,12.20000,12.05848,12.13172,52.95877,53.58745,176.62950,1.64476,12.19035
75001,299.00870,0.00253,17.20000,12.10001,12.30000,12.10001,11.90001,12.00000,10.10001,12.20000,12.04749,12.13172,52.96182,53.59050,176.60170,1.63204,11.73778
76006,298.68470,0.00248,17.20000,12.10001,12.40001,12.00000,11.90001,12.00000,10.10001,12.20000,12.06580,12.14270,52.96182,53.59966,177.26370,1.73027,11.54214
76998,298.52440,0.00271,17.20000,12.10001,12.30000,12.00000,11.90001,12.00000,10.10001,12.20000,12.05848,12.13904,52.95266,53.59355,176.61840,1.63077,11.02306
78006,298.72750,0.00245,17.20000,12.10001,12.30000,12.00000,11.90001,12.00000,10.20000,12.20000,12.06580,12.13538,52.95266,53.59355,177.27490,1.72455,10.31691
78999,300.03990,0.00258,17.20000,12.10001,12.30000,12.00000,11.90001,12.00000,10.10001,12.20000,12.06580,12.14637,53.02896,53.66069,178.48760,1.68863,9.82518
80002,301.32820,0.00267,17.20000,12.20000,12.30000,12.00000,11.90001,12.00000,10.10001,12.20000,12.06946,12.13538,53.03201,53.66069,178.15940,1.66002,8.69382
80993,300.90680,0.00256,17.20000,12.10001,12.30000,12.00000,11.90001,12.00000,10.10001,12.20000,12.06580,12.13538,53.03201,53.65764,177.56520,1.71787,7.85643
81997,300.14570,0.00266,17.20000,12.10001,12.30000,12.00000,11.90001,12.00000,10.10001,12.20000,12.05481,12.14270,53.03201,53.66069,177.24710,1.65906,6.53267
82997,300.24390,0.00267,17.20000,12.10001,12.30000,12.00000,11.90001,12.00000,10.10001,12.20000,12.02551,12.13904,52.99539,53.66069,177.20480,1.68195,6.53786
83999,300.64590,0.00252,17.20000,12.10001,12.40001,12.00000,11.90001,12.00000,10.10001,12.20000,12.02551,12.13904,52.99539,53.65764,177.79440,1.61456,7.27976
84996,301.06390,0.00260,17.20000,12.10001,12.30000,12.00000,11.90001,12.00000,10.20000,12.20000,12.02551,12.14270,53.00149,53.66374,177.91690,1.62282,7.19661
85997,301.33000,0.00251,17.20000,12.20000,12.30000,12.00000,11.90001,12.10001,10.10001,12.20000,12.02917,12.14270,52.99234,53.66374,178.53660,1.68004,8.38483
86996,301.25430,0.00258,17.20000,12.10001,12.30000,12.00000,11.90001,12.00000,10.20000,12.20000,12.03650,12.13904,52.98928,53.65764,178.17500,1.63395,8.75247
87997,301.19330,0.00240,17.20000,12.10001,12.30000,12.00000,11.90001,12.00000,10.20000,12.20000,12.06580,12.13538,52.95877,53.66069,177.73990,1.69689,7.81978
88997,301.13600,0.00254,17.20000,12.10001,12.40001,12.00000,11.90001,12.00000,10.20000,12.20000,12.06580,12.14270,52.96182,53.65764,178.92040,1.62441,7.26831
89995,300.94930,0.00271,17.20000,12.10001,12.40001,12.00000,11.90001,12.00000,10.10001,12.20000,12.06580,12.14270,52.96182,53.65764,179.43780,1.69308,6.62994
91004,300.99920,0.00245,17.20000,12.10001,12.40001,12.00000,11.90001,12.00000,10.20000,12.20000,12.05848,12.13538,52.96182,53.66069,178.64010,1.67814,7.50882
91997,301.06210,0.00257,17.20000,12.10001,12.40001,12.00000,11.90001,12.00000,10.20000,12.20000,12.06946,12.13904,52.95266,53.65764,178.23840,1.67623,8.89159
93002,300.56630,0.00248,17.20000,12.20000,12.40001,12.00000,11.90001,12.00000,10.10001,12.20000,12.05848,12.13904,52.96182,53.60271,178.28850,1.65557,7.98320
93996,299.59630,0.00260,17.20000,12.10001,12.30000,12.00000,11.90001,12.00000,10.20000,12.20000,12.05848,12.14270,52.96487,53.59966,177.48740,1.68100,9.26494
94996,299.01990,0.00269,17.20000,12.10001,12.30000,12.00000,11.90001,12.00000,10.20000,12.20000,12.06580,12.14270,52.96182,53.59050,176.57390,1.65048,11.82484
95999,298.84670,0.00254,17.20000,12.10001,12.40001,12.00000,11.90001,12.00000,10.20000,12.20000,12.06946,12.14270,52.96487,53.59050,175.97870,1.68291,11.59526
96997,298.66420,0.00280,17.20000,12.10001,12.40001,12.00000,11.90001,12.00000,10.20000,12.20000,12.02917,12.13904,52.92215,53.59050,176.44040,1.64285,10.64700
98003,298.89520,0.00259,17.20000,12.10001,12.40001,12.00000,11.90001,12.00000,10.20000,12.20000,12.02185,12.13904,52.91909,53.55693,177.50290,1.66415,11.40732
98999,298.89890,0.00259,17.20000,12.10001,12.30000,12.00000,11.90001,12.00000,10.20000,12.30000,12.02185,12.14270,52.91604,53.55693,177.27260,1.60693,12.18623
99999,298.65300,0.00250,17.20000,12.20000,12.40001,12.00000,11.90001,12.00000,10.20000,12.20000,12.02917,12.13538,52.92215,53.55693,176.97560,1.63999,11.25836
101003,298.89520,0.00268,17.20000,12.10001,12.30000,12.10001,11.90001,12.00000,10.20000,12.20000,12.01086,12.11707,52.86111,53.55998,177.81000,1.66797,12.00224
101995,299.14830,0.00255,17.20000,12.10001,12.30000,12.00000,11.90001,12.00000,10.20000,12.30000,12.02551,12.14637,52.88857,53.55693,177.76110,1.68418,12.50452
102997,299.15200,0.00260,17.20000,12.10001,12.30000,12.00000,11.90001,12.00000,10.20000,12.20000,12.01086,12.11341,52.86721,53.58440,176.67070,1.65843,10.98138
103994,299.98800,0.00266,17.20000,12.10001,12.40001,12.00000,11.90001,12.00000,10.20000,12.30000,12.02551,12.13904,52.88552,53.58745,176.95220,1.66447,8.90929
104998,300.62370,0.00282,17.20000,12.10001,12.30000,12.00000,11.90001,12.00000,10.20000,12.30000,12.02917,12.14637,52.87637,53.58440,176.94110,1.66034,6.82468
105998,300.28280,0.00248,17.20000,12.10001,12.40001,12.00000,11.90001,12.00000,10.20000,12.30000,12.06580,12.13904,52.81228,53.59355,177.15140,1.66797,6.02609
106994,300.42000,0.00266,17.20000,12.10001,12.30000,12.00000,11.90001,12.00000,10.20000,12.30000,12.05848,12.13904,52.81228,53.51726,178.18720,1.63427,6.72580
107995,300.41440,0.00267,17.20000,12.10001,12.30000,12.00000,11.90001,12.00000,10.20000,12.10001,12.05848,12.13538,52.81533,53.51726,177.20590,1.66638,6.48940
108995,300.19940,0.00253,17.20000,12.10001,12.40001,12.00000,11.90001,12.00000,10.20000,12.30000,12.06580,12.13904,52.80923,53.52336,176.28130,1.64953,6.07652
110002,300.37370,0.00247,17.20000,12.20000,12.30000,12.10001,11.90001,12.00000,10.20000,12.20000,12.05848,12.13538,52.80923,53.51726,177.09910,1.62982,6.53232
110996,300.35320,0.00256,17.20000,12.10001,12.30000,12.10001,11.90001,12.00000,10.20000,12.30000,12.02917,12.12806,52.74514,53.52336,177.90680,1.65938,6.36083
111994,300.54220,0.00257,17.20000,12.10001,12.30000,12.00000,11.90001,12.00000,10.20000,12.30000,12.02185,12.14270,52.74514,53.41045,178.25840,1.64126,6.50603
113001,301.02700,0.00253,17.20000,12.10001,12.30000,12.10001,11.90001,12.00000,10.20000,12.30000,12.02551,12.14270,52.74209,53.41045,178.67790,1.66097,8.12036
113998,301.05290,0.00260,17.20000,12.10001,12.30000,12.10001,11.90001,12.00000,10.20000,12.20000,12.01452,12.13172,52.73904,53.40129,178.29850,1.68831,8.35210
115000,300.90120,0.00264,17.20000,12.10001,12.30000,12.10001,11.90001,12.00000,10.20000,12.20000,12.05481,12.13538,52.71157,53.40434,178.36630,1.61106,7.82175
115998,300.67920,0.00267,17.20000,12.10001,12.30000,12.00000,11.90001,12.00000,10.20000,12.30000,12.05481,12.14270,52.69936,53.40739,178.00030,1.65366,7.83730
117004,300.54590,0.00273,17.20000,12.10001,12.30000,12.00000,11.90001,12.00000,10.20000,12.30000,12.06580,12.19031,52.69936,53.33415,177.31050,1.69753,7.38937
118008,300.74400,0.00243,17.20000,12.10001,12.40001,12.10001,11.90001,12.00000,10.20000,12.30000,12.06580,12.18665,52.69936,53.33110,178.04030,1.67941,7.22038
118997,301.01030,0.00258,17.20000,12.10001,12.30000,12.00000,11.90001,12.00000,10.20000,12.30000,12.05481,12.18665,52.70242,53.33415,178.90040,1.69848,7.47449
119996,300.99920,0.00273,17.20000,12.10001,12.30000,12.00000,11.90001,12.00000,10.20000,12.20000,12.05848,12.17566,52.70547,53.33415,179.22640,1.65779,8.08890
121007,300.12710,0.00254,17.20000,12.10001,12.40001,12.00000,11.90001,12.00000,10.20000,12.30000,12.05481,12.14270,52.70547,53.34025,177.88900,1.71660,9.20897
121997,298.93610,0.00262,17.20000,12.10001,12.40001,12.10001,11.90001,12.00000,10.20000,12.30000,12.05848,12.13538,52.69936,53.34941,175.85740,1.64603,10.32138
123001,298.50390,0.00264,17.20000,12.10001,12.40001,12.10001,11.90001,12.00000,10.20000,12.30000,12.06580,12.14270,52.71462,53.33720,176.10100,1.60375,10.34052
123997,298.96410,0.00270,17.20000,12.10001,12.40001,12.00000,11.90001,12.00000,10.20000,12.30000,12.05481,12.14637,52.66885,53.34025,177.62760,1.67146,11.82664
124999,298.98270,0.00254,17.20000,12.10001,12.30000,12.00000,11.90001,12.00000,10.20000,12.20000,12.06580,12.14637,52.66579,53.34941,177.30160,1.61647,12.26616
125998,298.32290,0.00275,17.20000,12.10001,12.30000,12.10001,11.90001,12.00000,10.20000,12.20000,12.05848,12.13538,52.66579,53.34025,176.58620,1.64158,9.97931
127003,298.29120,0.00268,17.20000,12.10001,12.40001,12.10001,11.90001,12.00000,10.20000,12.30000,12.05848,12.13904,52.66274,53.34636,176.94780,1.61297,9.40050
127996,298.53560,0.00257,17.20000,12.10001,12.40001,12.00000,11.90001,12.00000,10.20000,12.30000,12.06580,12.13904,52.66885,53.34636,176.94780,1.64476,10.86623
128996,298.79460,0.00231,17.20000,12.10001,12.40001,12.10001,11.90001,12.00000,10.20000,12.20000,12.05848,12.13904,52.70547,53.34636,176.77420,1.70897,11.59007
129993,299.02170,0.00266,17.20000,12.10001,12.30000,12.10001,11.90001,12.00000,10.20000,12.20000,12.06580,12.14270,52.71157,53.33415,176.49270,1.67750,10.68634
130998,299.86740,0.00237,17.20000,12.10001,12.30000,12.00000,11.90001,12.00000,10.20000,12.20000,12.05848,12.13904,52.69936,53.29753,177.49630,1.67591,9.24010
131993,300.84020,0.00261,17.20000,12.10001,12.30000,12.10001,11.90001,12.00000,10.20000,12.30000,12.05848,12.13538,52.70242,53.30363,179.25760,1.60757,9.14175
132994,300.59030,0.00273,17.20000,12.10001,12.40001,12.00000,11.90001,12.00000,10.20000,12.30000,12.02551,12.14270,52.70242,53.30668,179.30870,1.65748,8.28935
133994,300.54220,0.00264,17.30000,12.10001,12.30000,12.00000,11.90001,12.00000,10.20000,12.20000,12.02551,12.13904,52.71157,53.31279,178.61780,1.64349,6.98473
134994,300.84940,0.00265,17.20000,12.10001,12.30000,12.10001,11.90001,12.00000,10.20000,12.30000,12.02917,12.13904,52.70242,53.30668,178.31410,1.65175,8.03203
135994,300.68480,0.00266,17.20000,12.10001,12.40001,12.10001,11.90001,12.00000,10.20000,12.30000,12.02185,12.13904,52.69936,53.29753,178.62450,1.69117,8.70723
136998,300.82170,0.00261,17.30000,12.10001,12.30000,12.10001,11.90001,12.00000,10.20000,12.30000,12.02551,12.14637,52.71462,53.29753,178.00360,1.65366,8.02040
138001,300.64960,0.00268,17.20000,12.10001,12.40001,12.00000,11.90001,12.00000,10.20000,12.30000,12.05115,12.13538,52.77871,53.29753,177.42620,1.60026,6.90926
139000,300.42000,0.00260,17.20000,12.10001,12.40001,12.10001,11.90001,12.00000,10.20000,12.30000,12.05848,12.14637,52.77566,53.30363,177.64320,1.63077,6.75708
139997,300.52740,0.00273,17.20000,12.10001,12.40001,12.10001,11.90001,12.00000,10.20000,12.20000,12.05481,12.13538,52.77261,53.37993,177.53300,1.66129,6.88959
141001,300.34590,0.00268,17.20000,12.10001,12.30000,12.10001,11.90001,12.00000,10.20000,12.20000,12.05848,12.13904,52.77566,53.37383,177.98140,1.64635,6.86884
141997,300.71810,0.00253,17.30000,12.10001,12.40001,12.10001,11.90001,12.00000,10.20000,12.30000,12.05481,12.14270,52.77566,53.37383,178.34080,1.66383,8.04723
142998,300.85310,0.00253,17.20000,12.10001,12.30000,12.00000,11.90001,12.00000,10.20000,12.30000,12.02551,12.13538,52.77871,53.37383,177.63540,1.69594,8.55255
143997,300.41440,0.00253,17.20000,12.10001,12.40001,12.10001,11.90001,12.00000,10.20000,12.30000,12.02185,12.13904,52.77566,53.37688,178.07820,1.67909,7.85893
144999,300.81430,0.00251,17.30000,12.10001,12.40001,12.10001,11.90001,12.00000,10.20000,12.20000,12.02551,12.13538,52.77261,53.40434,178.96160,1.66670,8.25501
145999,301.08980,0.00273,17.20000,12.10001,12.30000,12.00000,11.90001,12.00000,10.20000,12.30000,12.02551,12.13904,52.77566,53.41045,178.47430,1.64953,8.46762
146999,301.08800,0.00273,17.30000,12.10001,12.40001,12.10001,11.90001,12.00000,10.20000,12.30000,12.05481,12.14270,52.77566,53.40739,178.49100,1.67369,8.04759
147996,300.81610,0.00269,17.30000,12.10001,12.40001,12.10001,11.90001,12.00000,10.20000,12.30000,12.05481,12.14270,52.77871,53.40434,178.56330,1.65748,8.07817
148994,299.55540,0.00264,17.20000,12.10001,12.40001,12.00000,11.90001,12.00000,10.20000,12.30000,12.05848,12.13904,52.77566,53.40739,177.82230,1.72614,9.45288
150009,298.64360,0.00275,17.30000,12.10001,12.40001,12.10001,11.90001,12.00000,10.20000,12.30000,12.05848,12.14637,52.77566,53.40739,176.73640,1.68482,11.19774
150998,298.68090,0.00262,17.30000,12.10001,12.30000,12.00000,11.90001,12.00000,10.20000,12.20000,12.05848,12.14637,52.77566,53.40739,176.79090,1.68736,11.35332
152000,298.79830,0.00265,17.30000,12.10001,12.40001,12.10001,11.90001,12.00000,10.20000,12.20000,12.05481,12.13538,52.77566,53.41045,177.54300,1.66097,11.25139
152994,298.58400,0.00260,17.30000,12.10001,12.40001,12.10001,11.90001,12.00000,10.20000,12.20000,12.05848,12.14270,52.77566,53.40739,177.48070,1.64571,11.18559
154002,298.63060,0.00253,17.30000,12.10001,12.40001,12.10001,11.90001,12.00000,10.20000,12.30000,12.06580,12.13538,52.77566,53.40739,176.92880,1.70929,10.73694
154997,298.31740,0.00253,17.30000,12.10001,12.40001,12.10001,11.90001,12.00000,10.20000,12.30000,12.06580,12.13904,52.77261,53.40739,176.71080,1.62569,10.31316
155998,298.58400,0.00260,17.30000,12.10001,12.40001,12.00000,11.90001,12.00000,10.20000,12.30000,12.05848,12.13904,52.77566,53.40739,177.20250,1.73472,10.60945
156997,298.52810,0.00255,17.30000,12.10001,12.40001,12.10001,11.90001,12.00000,10.20000,12.20000,12.05481,12.13904,52.77871,53.41045,177.18360,1.64953,10.41222
157998,299.02730,0.00257,17.30000,12.10001,12.40001,12.00000,11.90001,12.00000,10.20000,12.30000,12.05848,12.13904,52.77566,53.40739,177.87790,1.72837,9.60703
158996,300.47740,0.00253,17.30000,12.20000,12.40001,12.10001,11.90001,12.00000,10.20000,12.30000,12.05848,12.18665,52.77871,53.41045,178.73910,1.67655,8.81380
159996,300.67360,0.00258,17.30000,12.10001,12.40001,12.00000,11.90001,12.00000,10.20000,12.30000,12.05848,12.18299,52.77566,53.40434,178.29070,1.67115,8.42220
161002,300.64960,0.00263,17.30000,12.20000,12.40001,12.00000,11.90001,12.00000,10.20000,12.30000,12.06580,12.18299,52.77566,53.40739,177.94020,1.62346,7.78258
162001,300.44400,0.00257,17.30000,12.20000,12.30000,12.00000,11.90001,12.00000,10.20000,12.30000,12.06946,12.18299,52.77566,53.41655,178.08710,1.64349,7.42531
162994,300.41260,0.00257,17.30000,12.20000,12.40001,12.00000,11.90001,12.00000,10.20000,12.30000,12.06946,12.17566,52.77566,53.40739,178.09270,1.68100,8.20084
163994,300.67360,0.00266,17.30000,12.10001,12.40001,12.00000,11.90001,12.00000,10.20000,12.30000,12.05848,12.16834,52.77566,53.32499,177.35280,1.63332,8.33101
164999,300.93450,0.00244,17.30000,12.10001,12.40001,12.00000,11.90001,12.00000,10.20000,12.30000,12.05848,12.18665,52.74209,53.33415,177.23930,1.64635,8.76427
165996,300.70700,0.00254,17.30000,12.20000,12.30000,12.10001,11.90001,12.00000,10.20000,12.20000,12.05848,12.18299,52.74514,53.33110,177.43510,1.63586,8.32242
167001,300.36250,0.00251,17.30000,12.10001,12.40001,12.10001,11.90001,12.00000,10.20000,12.30000,12.05481,12.18299,52.74209,53.32804,177.12020,1.71343,7.62773
167997,300.52550,0.00259,17.30000,12.10001,12.40001,12.00000,11.90001,12.00000,10.20000,12.20000,12.06580,12.14270,52.73904,53.25785,177.85120,1.62919,7.63434
168998,300.74580,0.00246,17.30000,12.10001,12.40001,12.00000,11.90001,12.00000,10.20000,12.30000,12.05481,12.13538,52.74209,53.27311,178.84590,1.64158,6.99223
170000,300.87350,0.00244,17.30000,12.20000,12.40001,12.10001,11.90001,12.00000,10.20000,12.30000,12.05848,12.13538,52.70547,53.26701,178.14720,1.71343,7.89165
170997,300.87350,0.00265,17.30000,12.20000,12.40001,12.00000,11.90001,12.10001,10.20000,12.30000,12.06580,12.13172,52.70547,53.27311,177.78000,1.67115,9.01425
172001,300.30320,0.00260,17.30000,12.10001,12.40001,12.00000,11.90001,12.00000,10.20000,12.30000,12.05481,12.13904,52.70242,53.27311,177.56520,1.62823,7.23398
172998,300.23460,0.00253,17.30000,12.20000,12.40001,12.00000,11.90001,12.00000,10.20000,12.30000,12.05848,12.12806,52.70547,53.26091,177.40390,1.65493,6.78694
173999,300.50150,0.00257,17.30000,12.20000,12.40001,12.00000,11.90001,12.10001,10.20000,12.30000,12.05848,12.13172,52.69936,53.26701,178.06040,1.68609,7.84517
174999,300.29030,0.00257,17.30000,12.10001,12.40001,12.00000,11.90001,12.10001,10.20000,12.30000,12.06580,12.13904,52.70547,53.26701,177.77330,1.66225,8.18295
175996,300.26430,0.00273,17.30000,12.10001,12.30000,12.00000,11.90001,12.00000,10.20000,12.30000,12.05848,12.13904,52.69936,53.26091,177.51740,1.71152,8.11499
176996,300.34950,0.00250,17.30000,12.20000,12.40001,12.00000,11.90001,12.00000,10.20000,12.30000,12.05848,12.13172,52.69936,53.26091,177.62870,1.68513,7.83713
177995,300.46070,0.00254,17.30000,12.10001,12.40001,12.00000,11.90001,12.10001,10.20000,12.30000,12.06580,12.14270,52.70242,53.26091,176.52940,1.61742,7.34914
178996,300.53670,0.00255,17.30000,12.20000,12.40001,12.00000,11.90001,12.10001,10.20000,12.20000,12.06580,12.12806,52.67190,53.26396,176.90100,1.70611,8.05080
179997,300.69770,0.00263,17.30000,12.20000,12.40001,12.00000,11.90001,12.00000,10.20000,12.30000,12.05848,12.13904,52.66579,53.27617,178.60110,1.66733,8.37053
180996,300.03250,0.00260,17.30000,12.20000,12.40001,12.00000,11.90001,12.10001,10.20000,12.20000,12.05848,12.13904,52.66885,53.26701,177.79780,1.71279,8.79359
181994,298.88020,0.00257,17.30000,12.20000,12.40001,12.00000,11.90001,12.10001,10.20000,12.30000,12.06580,12.14270,52.66579,53.26701,176.56390,1.63968,10.22501
183001,298.76480,0.00265,17.30000,12.10001,12.40001,12.00000,11.90001,12.00000,10.20000,12.30000,12.05848,12.14637,52.66579,53.19071,176.20900,1.67687,11.06721
184002,299.00310,0.00264,17.30000,12.20000,12.40001,12.00000,11.90001,12.10001,10.20000,12.20000,12.05481,12.13172,52.63223,53.18766,176.33020,1.66892,12.46358
184998,299.13150,0.00253,17.30000,12.20000,12.30000,12.10001,11.90001,12.10001,10.20000,12.30000,12.06946,12.13904,52.62917,53.19681,176.23010,1.62823,13.01486
185995,298.67910,0.00242,17.30000,12.10001,12.40001,12.10001,11.90001,12.10001,10.20000,12.30000,12.05848,12.13172,52.63528,53.19071,176.17890,1.60471,12.59053
186996,298.51880,0.00249,17.30000,12.10001,12.40001,12.00000,11.90001,12.00000,10.30000,12.30000,12.05481,12.18299,52.63528,53.18766,176.70740,1.64190,12.75664
187995,298.71450,0.00260,17.30000,12.20000,12.40001,12.10001,11.90001,12.10001,10.30000,12.30000,12.05848,12.18665,52.62917,53.18460,176.52490,1.64444,12.13457
188998,298.37340,0.00244,17.30000,12.10001,12.40001,12.00000,11.90001,12.00000,10.20000,12.20000,12.06580,12.17566,52.62917,53.18460,176.53940,1.68355,11.82788
190009,298.23530,0.00252,17.30000,12.20000,12.40001,12.00000,11.90001,12.10001,10.20000,12.30000,12.05848,12.17200,52.62917,53.18460,176.64510,1.69213,11.28090
190995,299.03480,0.00261,17.30000,12.20000,12.40001,12.10001,11.90001,12.10001,10.30000,12.30000,12.06580,12.18299,52.63223,53.17850,176.46380,1.63427,9.55838
191994,299.97690,0.00263,17.30000,12.20000,12.40001,12.00000,11.90001,12.10001,10.20000,12.30000,12.05848,12.13904,52.62917,53.15714,177.35940,1.68577,7.78401
192994,300.28470,0.00264,17.30000,12.10001,12.40001,12.00000,11.90001,12.00000,10.30000,12.30000,12.05848,12.13172,52.59866,53.15714,177.52080,1.68895,7.24561
193992,300.64220,0.00263,17.30000,12.20000,12.40001,12.00000,11.90001,12.00000,10.30000,12.30000,12.06580,12.13172,52.59866,53.15714,177.14020,1.63300,8.49336
194995,300.82540,0.00260,17.30000,12.20000,12.40001,12.10001,11.90001,12.10001,10.30000,12.30000,12.05848,12.13172,52.60171,53.15409,177.27260,1.63713,8.37480
195995,300.91600,0.00261,17.30000,12.10001,12.40001,12.00000,11.90001,12.10001,10.30000,12.30000,12.05115,12.13538,52.58950,53.15409,177.61200,1.67401,7.48950
196995,300.91970,0.00276,17.30000,12.20000,12.40001,12.00000,11.90001,12.10001,10.30000,12.30000,12.05848,12.18299,52.60171,53.16324,178.07480,1.64349,7.56210
197995,300.76800,0.00246,17.30000,12.20000,12.40001,12.00000,11.90001,12.10001,10.30000,12.30000,12.05848,12.17566,52.60476,53.16629,178.36970,1.66034,7.87968
198997,300.78650,0.00252,17.30000,12.10001,12.40001,12.10001,11.90001,12.10001,10.30000,12.30000,12.06580,12.17566,52.59255,53.16019,178.17050,1.68672,7.84337
199998,301.09170,0.00246,17.30000,12.20000,12.40001,12.10001,11.90001,12.00000,10.30000,12.30000,12.06580,12.17566,52.59866,53.15714,178.42090,1.68482,7.74254
200997,301.14720,0.00240,17.30000,12.20000,12.40001,12.10001,11.90001,12.00000,10.30000,12.30000,12.05481,12.13538,52.59255,53.16019,177.92130,1.63904,7.72197
201997,300.65520,0.00260,17.30000,12.20000,12.40001,12.10001,11.90001,12.00000,10.30000,12.30000,12.06580,12.13538,52.59866,53.15409,177.25040,1.60693,7.75844
202997,300.36990,0.00261,17.30000,12.20000,12.40001,12.10001,11.90001,12.10001,10.30000,12.30000,12.05848,12.13538,52.59255,53.15714,177.49400,1.62505,7.00885
203995,300.31250,0.00247,17.30000,12.20000,12.40001,12.10001,11.90001,12.00000,10.30000,12.20000,12.05481,12.13172,52.59866,53.15409,177.31940,1.68640,7.17426
204994,300.67740,0.00253,17.30000,12.10001,12.40001,12.10001,11.90001,12.10001,10.30000,12.30000,12.05848,12.13904,52.60171,53.15714,177.45400,1.70993,8.85136
205995,300.89570,0.00271,17.30000,12.20000,12.40001,12.10001,11.90001,12.00000,10.30000,12.30000,12.06580,12.12806,52.55592,53.12357,177.93240,1.60820,8.16704
206993,300.81610,0.00259,17.30000,12.20000,12.40001,12.10001,11.90001,12.10001,10.30000,12.20000,12.05481,12.13538,52.55898,53.12357,178.55770,1.61551,7.93315
207997,300.71810,0.00261,17.30000,12.20000,12.40001,12.10001,11.90001,12.00000,10.30000,12.20000,12.05848,12.13538,52.55592,53.12052,178.15940,1.66320,7.61540
209001,300.66810,0.00241,17.30000,12.20000,12.30000,12.10001,11.90001,12.00000,10.30000,12.30000,12.06580,12.13904,52.56203,53.12662,177.46850,1.65430,8.14790
210011,299.69290,0.00258,17.30000,12.10001,12.40001,12.10001,11.90001,12.00000,10.30000,12.30000,12.06580,12.13172,52.56203,53.12662,177.62540,1.68704,10.89896
210993,298.33230,0.00267,17.30000,12.10001,12.40001,12.00000,11.90001,12.10001,10.30000,12.20000,12.05848,12.12073,52.60171,53.16019,177.52850,1.67687,11.19989
211993,298.72380,0.00251,17.30000,12.10001,12.40001,12.10001,11.90001,12.10001,10.30000,12.20000,12.06580,12.13172,52.59866,53.14798,177.81450,1.68704,11.72328
212996,299.02550,0.00249,17.30000,12.20000,12.30000,12.10001,11.90001,12.00000,10.30000,12.30000,12.06580,12.12806,52.60171,53.16019,176.84320,1.70993,12.26688
213997,298.39570,0.00262,17.30000,12.20000,12.40001,12.00000,11.90001,12.00000,10.30000,12.30000,12.05848,12.13538,52.60171,53.15714,176.02980,1.62346,10.44655
214996,298.63250,0.00260,17.30000,12.10001,12.40001,12.10001,11.90001,12.10001,10.30000,12.20000,12.06580,12.13538,52.60171,53.16019,176.53390,1.65557,11.31468
215995,298.99570,0.00257,17.30000,12.10001,12.40001,12.10001,11.90001,12.00000,10.30000,12.30000,12.06946,12.12806,52.59255,53.15104,176.66960,1.70007,12.78633
216997,298.76100,0.00258,17.30000,12.20000,12.40001,12.00000,11.90001,12.10001,10.30000,12.30000,12.06580,12.13538,52.59866,53.15714,176.53500,1.70071,11.73616
217992,298.80760,0.00267,17.30000,12.20000,12.40001,12.10001,11.90001,12.10001,10.30000,12.30000,12.06580,12.13904,52.59255,53.16019,176.99110,1.66542,11.63942
218995,298.84670,0.00263,17.30000,12.20000,12.40001,12.10001,11.90001,12.10001,10.30000,12.20000,12.05848,12.13538,52.59866,53.15714,177.20810,1.68164,10.47032
219998,299.62230,0.00247,17.30000,12.10001,12.40001,12.10001,11.90001,12.10001,10.30000,12.30000,12.05115,12.13538,52.59255,53.15714,177.08130,1.70452,8.46422
220995,300.76060,0.00258,17.30000,12.20000,12.40001,12.10001,11.90001,12.10001,10.30000,12.30000,12.06580,12.14270,52.60171,53.15714,177.85120,1.67464,8.19653
221995,300.66250,0.00264,17.30000,12.10001,12.40001,12.10001,11.90001,12.00000,10.30000,12.30000,12.06580,12.14637,52.59866,53.16019,177.77110,1.65016,7.27063
222996,300.64040,0.00245,17.30000,12.10001,12.40001,12.10001,11.90001,12.10001,10.30000,12.30000,12.05848,12.13904,52.59866,53.15409,177.51970,1.67909,6.56450
223992,300.82720,0.00257,17.30000,12.20000,12.40001,12.10001,11.90001,12.10001,10.30000,12.30000,12.06580,12.13904,52.59866,53.16324,177.66760,1.69467,7.81065
224993,300.37730,0.00264,17.30000,12.20000,12.40001,12.10001,11.90001,12.10001,10.30000,12.30000,12.06946,12.18299,52.59255,53.19071,177.43170,1.65747,7.53743
225997,300.44590,0.00272,17.30000,12.20000,12.40001,12.10001,11.90001,12.10001,10.30000,12.30000,12.05848,12.18665,52.60171,53.19681,177.13910,1.59167,6.55199
226993,300.73660,0.00253,17.30000,12.20000,12.40001,12.10001,11.90001,12.10001,10.30000,12.30000,12.06580,12.17566,52.59255,53.19986,177.15810,1.65302,7.39760
227995,300.90310,0.00250,17.30000,12.10001,12.40001,12.10001,11.90001,12.10001,10.30000,12.30000,12.06580,12.18299,52.60476,53.19071,177.89790,1.59390,7.66457
228994,301.10090,0.00258,17.30000,12.10001,12.40001,12.10001,11.90001,12.00000,10.30000,12.30000,12.06580,12.19031,52.59255,53.19071,178.05370,1.67687,7.57999
229995,300.83650,0.00259,17.30000,12.10001,12.40001,12.10001,11.90001,12.10001,10.30000,12.30000,12.05848,12.14270,52.59255,53.15714,177.30820,1.65811,7.58302
230996,300.70880,0.00253,17.30000,12.20000,12.40001,12.10001,11.90001,12.00000,10.30000,12.30000,12.05848,12.13538,52.59866,53.16019,177.96470,1.67178,7.39116
231997,300.68480,0.00257,17.30000,12.20000,12.40001,12.10001,11.90001,12.00000,10.30000,12.30000,12.05848,12.14270,52.60171,53.15409,178.71680,1.67528,8.12376
232995,300.67740,0.00254,17.30000,12.20000,12.40001,12.10001,11.90001,12.10001,10.30000,12.30000,12.06580,12.14637,52.60476,53.15409,178.22950,1.69308,8.12840
233995,300.65700,0.00259,17.30000,12.10001,12.40001,12.10001,11.90001,12.10001,10.30000,12.30000,12.06580,12.13904,52.59255,53.15409,178.06700,1.65271,7.84374
234995,300.78470,0.00266,17.30000,12.10001,12.40001,12.10001,11.90001,12.00000,10.30000,12.30000,12.05848,12.13538,52.59866,53.15409,178.36300,1.70866,8.21817
235998,300.79950,0.00254,17.30000,12.20000,12.40001,12.10001,11.90001,12.10001,10.30000,12.30000,12.06580,12.13538,52.59255,53.15409,177.71320,1.58150,7.56444
236995,300.47560,0.00259,17.30000,12.10001,12.40001,12.10001,11.90001,12.00000,10.30000,12.30000,12.05848,12.14270,52.59866,53.15104,177.42170,1.66987,7.70659
238000,299.64650,0.00258,17.30000,12.20000,12.40001,12.10001,11.90001,12.00000,10.30000,12.20000,12.06580,12.14637,52.60476,53.16019,177.33610,1.64666,8.67450
239003,298.74240,0.00255,17.30000,12.20000,12.40001,12.10001,11.90001,12.10001,10.30000,12.30000,12.06580,12.15003,52.60171,53.15714,177.46850,1.64062,10.17136
239996,298.73500,0.00257,17.30000,12.20000,12.40001,12.10001,11.90001,12.10001,10.30000,12.30000,12.05481,12.14270,52.59866,53.15714,177.50180,1.68068,11.96397
240994,298.81320,0.00254,17.30000,12.20000,12.40001,12.10001,11.90001,12.00000,10.30000,12.30000,12.05481,12.14270,52.59866,53.15409,176.59390,1.67146,12.32018
242000,298.86350,0.00259,17.30000,12.10001,12.40001,12.10001,11.90001,12.10001,10.30000,12.30000,12.06946,12.13904,52.59866,53.15714,176.37920,1.65239,11.91086
243002,298.70890,0.00255,17.30000,12.10001,12.40001,12.10001,11.90001,12.10001,10.30000,12.30000,12.06580,12.14270,52.56203,53.16019,176.42150,1.68799,11.40088
244006,298.69770,0.00240,17.30000,12.20000,12.40001,12.10001,11.90001,12.00000,10.30000,12.30000,12.06946,12.13904,52.55898,53.16019,176.92990,1.64221,11.80589
245002,298.99380,0.00271,17.30000,12.20000,12.40001,12.10001,11.90001,12.10001,10.30000,12.30000,12.05848,12.13904,52.55592,53.15714,177.40280,1.66097,13.09908
245999,298.58030,0.00250,17.30000,12.20000,12.40001,12.10001,11.90001,12.00000,10.30000,12.30000,12.05481,12.13904,52.55287,53.16324,177.03680,1.67146,11.50871
246993,298.99760,0.00254,17.30000,12.20000,12.40001,12.10001,11.90001,12.10001,10.30000,12.30000,12.05481,12.13538,52.63223,53.15714,177.15470,1.67750,9.25636
247997,300.32730,0.00262,17.30000,12.20000,12.40001,12.10001,11.90001,12.10001,10.30000,12.30000,12.05481,12.18299,52.62917,53.15409,177.43510,1.68036,8.36337
249003,300.31990,0.00250,17.30000,12.20000,12.40001,12.10001,11.90001,12.00000,10.30000,12.30000,12.06580,12.19031,52.63833,53.15104,177.70990,1.68418,6.55289
250001,300.57000,0.00257,17.30000,12.20000,12.40001,12.10001,11.90001,12.10001,10.30000,12.30000,12.05481,12.19031,52.63833,53.16019,177.89680,1.71438,6.98489
251006,300.76800,0.00269,17.30000,12.20000,12.40001,12.10001,11.90001,12.10001,10.30000,12.30000,12.05848,12.18299,52.62917,53.15104,178.16160,1.64571,8.08191
251994,300.49590,0.00258,17.30000,12.20000,12.40001,12.10001,11.90001,12.00000,10.30000,12.30000,12.05481,12.18299,52.63223,53.15409,177.72990,1.64253,7.79009
252994,300.64960,0.00246,17.30000,12.20000,12.40001,12.10001,11.90001,12.10001,10.30000,12.30000,12.05848,12.13904,52.62917,53.12357,178.05820,1.64253,8.29686
253998,300.78470,0.00249,17.30000,12.20000,12.40001,12.10001,11.90001,12.10001,10.30000,12.20000,12.05848,12.14270,52.63833,53.12052,178.54770,1.67528,8.42882
254998,300.87160,0.00248,17.30000,12.20000,12.40001,12.10001,11.90001,12.10001,10.30000,12.30000,12.06580,12.14637,52.63528,53.12052,177.45850,1.66860,8.64107
255996,300.90310,0.00252,17.30000,12.10001,12.40001,12.10001,11.90001,12.10001,10.30000,12.30000,12.06580,12.13538,52.63223,53.11136,177.23820,1.65016,8.26019
257001,300.51810,0.00264,17.30000,12.20000,12.40001,12.10001,11.90001,12.10001,10.30000,12.20000,12.05848,12.13904,52.63528,53.12052,177.54080,1.66574,7.78687
258001,300.06960,0.00257,17.30000,12.20000,12.40001,12.10001,11.90001,12.10001,10.30000,12.20000,12.05115,12.12073,52.62002,53.16019,177.28820,1.60756,7.47073
258994,300.34400,0.00267,17.30000,12.20000,12.40001,12.10001,11.90001,12.10001,10.30000,12.30000,12.05481,12.13904,52.61697,53.15409,177.71990,1.65461,7.60179
259999,300.42550,0.00267,17.30000,12.20000,12.40001,12.10001,11.90001,12.10001,10.30000,12.30000,12.04749,12.13172,52.61697,53.14493,178.38190,1.63554,7.80994
260998,300.29770,0.00240,17.30000,12.20000,12.40001,12.10001,11.90001,12.10001,10.30000,12.30000,12.05848,12.13904,52.62612,53.15104,178.34630,1.60216,7.83945
262000,300.54030,0.00266,17.30000,12.20000,12.40001,12.10001,11.90001,12.10001,10.30000,12.20000,12.06946,12.13538,52.62002,53.15104,178.11710,1.64412,7.98857
262996,300.77550,0.00249,17.30000,12.20000,12.40001,12.10001,11.90001,12.10001,10.30000,12.30000,12.06580,12.14637,52.63223,53.15714,178.00810,1.69212,8.11964
263993,300.56440,0.00260,17.40001,12.20000,12.40001,12.10001,11.90001,12.10001,10.30000,12.30000,12.05481,12.14637,52.63528,53.16019,178.00920,1.64698,7.91849
264993,300.31440,0.00270,17.30000,12.20000,12.40001,12.10001,11.90001,12.10001,10.30000,12.30000,12.05848,12.14270,52.63223,53.15409,178.01920,1.67623,8.07387
265998,300.22350,0.00249,17.30000,12.20000,12.40001,12.10001,11.90001,12.00000,10.30000,12.30000,12.06580,12.13904,52.71157,53.15714,177.90020,1.68227,7.50632
266998,300.32550,0.00263,17.30000,12.20000,12.40001,12.10001,11.90001,12.00000,10.30000,12.30000,12.06580,12.18665,52.70242,53.18460,178.45650,1.59421,7.58427
267998,299.87670,0.00249,17.30000,12.20000,12.40001,12.10001,11.90001,12.10001,10.30000,12.30000,12.05848,12.18299,52.70547,53.18766,178.86260,1.66415,10.11378
268999,299.00680,0.00247,17.30000,12.20000,12.40001,12.10001,11.90001,12.10001,10.30000,12.30000,12.05848,12.18299,52.70547,53.18460,177.35390,1.69880,11.30040
269996,298.55230,0.00270,17.30000,12.20000,12.40001,12.10001,11.90001,12.00000,10.30000,12.30000,12.06580,12.18299,52.74819,53.18766,176.13670,1.68958,10.88750
270995,298.38640,0.00248,17.30000,12.20000,12.40001,12.10001,11.90001,12.10001,10.30000,12.30000,12.05115,12.18299,52.74514,53.18766,177.05120,1.66955,10.94473
272001,298.38640,0.00274,17.40001,12.20000,12.40001,12.10001,11.90001,12.00000,10.30000,12.20000,12.06580,12.18665,52.73904,53.19071,177.61530,1.65557,11.19257
272998,298.39200,0.00262,17.40001,12.20000,12.40001,12.10001,11.90001,12.00000,10.30000,12.30000,12.06946,12.18665,52.74514,53.19986,176.89320,1.67146,11.42986
274000,298.76290,0.00264,17.30000,12.20000,12.40001,12.10001,11.90001,12.00000,10.30000,12.30000,12.05848,12.18299,52.74209,53.19071,176.49380,1.67369,13.02971
275007,298.64550,0.00253,17.40001,12.20000,12.40001,12.10001,11.90001,12.10001,10.30000,12.30000,12.10242,12.19031,52.77261,53.19071,176.71750,1.69880,12.89343
275999,298.62690,0.00227,17.30000,12.20000,12.40001,12.10001,11.90001,12.10001,10.30000,12.20000,12.10975,12.19397,52.77871,53.18155,177.55410,1.66510,11.24478
277001,299.41980,0.00263,17.30000,12.20000,12.40001,12.10001,11.90001,12.10001,10.30000,12.30000,12.10242,12.18665,52.77261,53.23344,178.04810,1.63586,9.50993
277995,300.24950,0.00237,17.30000,12.20000,12.40001,12.10001,11.90001,12.10001,10.30000,12.30000,12.10242,12.18299,52.77261,53.23344,178.09490,1.67114,7.86340
279002,300.46440,0.00253,17.40001,12.20000,12.40001,12.10001,11.90001,12.10001,10.30000,12.30000,12.05848,12.19031,52.77566,53.22734,178.27960,1.62537,7.96193
280003,300.28280,0.00260,17.40001,12.20000,12.40001,12.10001,11.90001,12.00000,10.30000,12.30000,12.06946,12.18665,52.78176,53.22734,178.73020,1.69912,7.92973
281004,300.39590,0.00263,17.40001,12.20000,12.40001,12.10001,11.90001,12.10001,10.30000,12.30000,12.05481,12.13538,52.77261,53.22429,178.74020,1.64126,7.76344
281995,300.54400,0.00257,17.40001,12.20000,12.40001,12.10001,11.90001,12.00000,10.30000,12.30000,12.06946,12.13538,52.77261,53.22429,177.31940,1.62982,7.59518
282994,300.47560,0.00257,17.40001,12.20000,12.40001,12.10001,11.90001,12.00000,10.30000,12.30000,12.06580,12.13904,52.77566,53.22734,177.36390,1.61901,7.38937
283996,300.92530,0.00271,17.40001,12.20000,12.40001,12.10001,11.90001,12.10001,10.30000,12.30000,12.05848,12.14270,52.77566,53.22429,177.89460,1.67051,8.17777
284998,300.79580,0.00260,17.40001,12.20000,12.40001,12.10001,11.90001,12.10001,10.30000,12.30000,12.05481,12.14270,52.77261,53.23344,176.86210,1.62982,7.21056
285998,300.46440,0.00252,17.40001,12.20000,12.40001,12.10001,11.90001,12.10001,10.30000,12.30000,12.05848,12.13538,52.77566,53.30058,177.73210,1.67655,7.43497
286999,300.63660,0.00268,17.40001,12.20000,12.40001,12.10001,11.90001,12.10001,10.30000,12.30000,12.06580,12.13904,52.77261,53.30363,178.61110,1.66161,8.19565
288001,300.72730,0.00251,17.40001,12.20000,12.40001,12.10001,11.90001,12.10001,10.30000,12.30000,12.06580,12.14270,52.77871,53.29142,178.31630,1.67655,7.88075
288994,300.30690,0.00242,17.40001,12.20000,12.40001,12.10001,11.90001,12.10001,10.30000,12.30000,12.06946,12.13538,52.80923,53.29753,177.54520,1.63300,6.96111
289997,300.00470,0.00270,17.30000,12.20000,12.40001,12.10001,11.90001,12.10001,10.30000,12.30000,12.05848,12.14270,52.82143,53.30668,177.17360,1.68036,6.81216
291001,300.07330,0.00244,17.40001,12.20000,12.40001,12.10001,11.90001,12.10001,10.30000,12.20000,12.06946,12.19031,52.81533,53.27311,176.87990,1.64190,6.87437
291997,299.98250,0.00274,17.40001,12.20000,12.40001,12.10001,11.90001,12.10001,10.30000,12.20000,12.05848,12.18665,52.81228,53.26701,176.63180,1.62600,6.11943
292998,300.18270,0.00251,17.40001,12.20000,12.40001,12.10001,11.90001,12.10001,10.30000,12.20000,12.05848,12.17566,52.80923,53.26396,176.97560,1.65684,7.33214
294009,300.12340,0.00257,17.40001,12.20000,12.40001,12.10001,11.90001,12.10001,10.30000,12.30000,12.06580,12.19031,52.81228,53.26701,176.87770,1.64826,7.66527
295000,299.99730,0.00251,17.40001,12.20000,12.40001,12.10001,11.90001,12.10001,10.30000,12.30000,12.05848,12.19031,52.81533,53.34636,177.87570,1.63649,7.78186
295996,300.14750,0.00256,17.40001,12.20000,12.40001,12.10001,11.90001,12.10001,10.30000,12.20000,12.06580,12.18665,52.81533,53.34941,178.73020,1.66224,7.31856
296998,300.33850,0.00266,17.40001,12.20000,12.40001,12.20000,12.00000,12.10001,10.30000,12.30000,12.05848,12.18665,52.81228,53.34636,178.02590,1.71724,7.27475
297996,300.18270,0.00264,17.40001,12.20000,12.40001,12.10001,12.00000,12.10001,10.30000,12.30000,12.10242,12.18665,52.88247,53.34025,178.25840,1.67210,7.82353
298996,300.36990,0.00263,17.40001,12.20000,12.40001,12.10001,12.00000,12.10001,10.30000,12.30000,12.10242,12.19031,52.88857,53.33415,178.38640,1.62378,7.64471
299994,300.56810,0.00269,17.40001,12.20000,12.40001,12.10001,12.00000,12.10001,10.30000,12.30000,12.10242,12.19031,52.88857,53.37688,177.66540,1.68640,7.20250
