Date,Time,MQ2.SV hinten,MQ3.SV hinten,MQ9B.SV hinten,MQ135.SV hinten,MP503.SV hinten,HCOH.SV hinten
20240314,11:40:25.618,96.0,56.0,35.0,46.0,307.0,29.0
20240314,11:40:25.628,100.0,57.0,36.0,45.0,332.0,29.0
20240314,11:40:25.628,99.0,57.0,35.0,44.0,201.0,29.0
20240314,11:40:27.636,96.0,56.0,35.0,45.0,201.0,28.0
20240314,11:40:31.299,103.0,57.0,36.0,45.0,211.0,29.0
20240314,11:40:35.007,100.0,57.0,35.0,45.0,306.0,28.0
20240314,11:40:38.678,99.0,57.0,35.0,44.0,336.0,29.0
20240314,11:40:42.358,95.0,56.0,34.0,45.0,327.0,28.0
20240314,11:40:46.039,101.0,57.0,35.0,45.0,256.0,27.0
20240314,11:40:49.743,99.0,57.0,35.0,46.0,250.0,28.0
20240314,11:40:53.410,102.0,57.0,34.0,46.0,333.0,28.0
20240314,11:40:57.097,99.0,56.0,36.0,45.0,322.0,29.0
20240314,11:41:00.787,95.0,56.0,34.0,45.0,198.0,28.0
20240314,11:41:04.501,98.0,56.0,35.0,45.0,208.0,28.0
20240314,11:41:08.192,96.0,57.0,35.0,45.0,320.0,28.0
20240314,11:41:11.874,98.0,56.0,35.0,46.0,334.0,29.0
20240314,11:41:15.562,101.0,56.0,36.0,45.0,323.0,28.0
20240314,11:41:19.234,101.0,56.0,35.0,45.0,200.0,28.0
20240314,11:41:22.924,99.0,57.0,34.0,45.0,206.0,28.0
20240314,11:41:26.627,98.0,56.0,35.0,44.0,215.0,29.0
20240314,11:41:30.295,96.0,56.0,35.0,46.0,301.0,28.0
20240314,11:41:33.969,97.0,56.0,35.0,45.0,339.0,28.0
20240314,11:41:37.660,103.0,56.0,36.0,44.0,200.0,28.0
20240314,11:41:41.334,100.0,56.0,35.0,45.0,310.0,28.0
20240314,11:41:45.015,99.0,57.0,36.0,44.0,200.0,29.0
20240314,11:41:48.718,97.0,56.0,35.0,46.0,310.0,28.0
20240314,11:41:52.400,99.0,56.0,36.0,45.0,335.0,28.0
20240314,11:41:56.079,101.0,57.0,35.0,46.0,323.0,27.0
20240314,11:41:59.765,99.0,56.0,35.0,44.0,236.0,29.0
20240314,11:42:03.435,96.0,56.0,35.0,45.0,200.0,29.0
20240314,11:42:07.134,103.0,57.0,34.0,45.0,207.0,29.0
20240314,11:42:10.804,99.0,56.0,35.0,45.0,224.0,27.0
20240314,11:42:14.516,96.0,56.0,35.0,45.0,337.0,28.0
20240314,11:42:18.199,102.0,56.0,35.0,45.0,330.0,28.0
20240314,11:42:21.897,99.0,56.0,35.0,44.0,204.0,28.0
20240314,11:42:25.577,96.0,56.0,35.0,45.0,208.0,28.0
20240314,11:42:29.248,100.0,56.0,36.0,45.0,291.0,28.0
20240314,11:42:32.939,99.0,57.0,35.0,44.0,339.0,29.0
20240314,11:42:36.604,96.0,56.0,35.0,45.0,332.0,28.0
20240314,11:42:40.290,102.0,56.0,35.0,45.0,325.0,28.0
20240314,11:42:43.961,99.0,57.0,35.0,44.0,316.0,28.0
20240314,11:42:47.687,98.0,56.0,35.0,44.0,198.0,29.0
20240314,11:42:51.356,95.0,56.0,35.0,45.0,202.0,28.0
20240314,11:42:55.042,100.0,57.0,36.0,45.0,209.0,28.0
20240314,11:42:58.724,98.0,56.0,35.0,44.0,213.0,29.0
20240314,11:43:02.412,95.0,56.0,35.0,45.0,253.0,28.0
20240314,11:43:06.095,100.0,56.0,35.0,45.0,340.0,28.0
20240314,11:43:09.764,98.0,56.0,35.0,44.0,336.0,28.0
20240314,11:43:13.469,97.0,55.0,35.0,45.0,231.0,28.0
20240314,11:43:17.148,100.0,56.0,35.0,45.0,204.0,27.0
20240314,11:43:20.848,98.0,56.0,34.0,44.0,249.0,28.0
20240314,11:43:24.532,103.0,56.0,35.0,45.0,323.0,28.0
20240314,11:43:28.216,100.0,56.0,35.0,45.0,336.0,28.0
20240314,11:43:31.883,99.0,56.0,36.0,44.0,336.0,28.0
20240314,11:43:35.581,102.0,56.0,35.0,44.0,328.0,29.0
20240314,11:43:39.262,96.0,56.0,35.0,45.0,318.0,29.0
20240314,11:43:42.939,104.0,56.0,34.0,45.0,198.0,29.0
20240314,11:43:46.637,102.0,57.0,35.0,45.0,320.0,29.0
20240314,11:43:50.312,102.0,57.0,35.0,46.0,331.0,28.0
20240314,11:43:54.003,99.0,56.0,35.0,44.0,323.0,29.0
20240314,11:43:57.691,96.0,56.0,34.0,45.0,265.0,29.0
20240314,11:44:01.347,102.0,57.0,34.0,45.0,200.0,29.0
20240314,11:44:05.034,99.0,57.0,34.0,45.0,205.0,28.0
20240314,11:44:08.726,99.0,56.0,35.0,44.0,209.0,29.0
20240314,11:44:12.408,98.0,56.0,34.0,45.0,333.0,29.0
20240314,11:44:16.094,98.0,57.0,36.0,44.0,281.0,29.0
20240314,11:44:19.785,102.0,56.0,36.0,44.0,338.0,29.0
20240314,11:44:23.464,100.0,56.0,35.0,45.0,332.0,28.0
20240314,11:44:27.179,101.0,56.0,35.0,44.0,321.0,29.0
20240314,11:44:30.831,98.0,56.0,36.0,46.0,280.0,29.0
20240314,11:44:34.515,99.0,55.0,36.0,46.0,198.0,28.0
20240314,11:44:38.193,100.0,56.0,35.0,45.0,206.0,28.0
20240314,11:44:41.901,98.0,57.0,35.0,44.0,225.0,29.0
20240314,11:44:45.565,101.0,57.0,34.0,45.0,270.0,28.0
20240314,11:44:49.254,99.0,56.0,35.0,45.0,202.0,27.0
20240314,11:44:52.944,98.0,56.0,35.0,46.0,208.0,29.0
20240314,11:44:56.626,101.0,57.0,34.0,45.0,320.0,28.0
20240314,11:45:00.294,100.0,56.0,36.0,45.0,223.0,27.0
20240314,11:45:03.988,98.0,56.0,35.0,44.0,327.0,28.0
20240314,11:45:07.669,96.0,56.0,35.0,46.0,314.0,28.0
20240314,11:45:11.345,99.0,57.0,36.0,44.0,210.0,28.0
20240314,11:45:15.035,100.0,57.0,35.0,45.0,213.0,27.0
20240314,11:45:18.723,98.0,57.0,35.0,46.0,226.0,28.0
20240314,11:45:22.396,103.0,57.0,35.0,45.0,325.0,28.0
20240314,11:45:26.095,106.0,57.0,35.0,45.0,336.0,27.0
20240314,11:45:29.764,97.0,55.0,35.0,46.0,328.0,28.0
20240314,11:45:33.461,98.0,57.0,34.0,45.0,204.0,28.0
20240314,11:45:37.154,100.0,57.0,35.0,45.0,212.0,28.0
20240314,11:45:40.847,96.0,56.0,35.0,45.0,206.0,28.0
20240314,11:45:44.535,97.0,56.0,35.0,46.0,334.0,28.0
20240314,11:45:48.227,104.0,57.0,34.0,46.0,328.0,28.0
20240314,11:45:51.899,103.0,57.0,35.0,45.0,287.0,29.0
20240314,11:45:55.576,101.0,56.0,35.0,45.0,199.0,28.0
20240314,11:45:59.269,101.0,57.0,35.0,45.0,204.0,28.0
20240314,11:46:02.962,100.0,56.0,35.0,46.0,212.0,28.0
20240314,11:46:06.641,100.0,57.0,35.0,45.0,260.0,29.0
20240314,11:46:10.330,99.0,56.0,35.0,45.0,322.0,28.0
20240314,11:46:14.007,96.0,56.0,35.0,45.0,250.0,29.0
20240314,11:46:17.678,103.0,56.0,35.0,45.0,202.0,28.0
20240314,11:46:21.364,101.0,57.0,36.0,45.0,208.0,28.0
20240314,11:46:25.061,100.0,57.0,35.0,45.0,276.0,28.0
20240314,11:46:28.733,99.0,57.0,35.0,45.0,338.0,29.0
20240314,11:46:32.428,96.0,56.0,35.0,45.0,330.0,28.0
20240314,11:46:36.105,102.0,57.0,35.0,45.0,205.0,28.0
20240314,11:46:39.801,100.0,57.0,36.0,45.0,215.0,29.0
20240314,11:46:43.503,96.0,57.0,35.0,45.0,338.0,29.0
20240314,11:46:47.183,100.0,57.0,36.0,45.0,326.0,28.0
20240314,11:46:50.855,99.0,57.0,34.0,44.0,238.0,29.0
20240314,11:46:54.543,96.0,56.0,35.0,46.0,200.0,28.0
20240314,11:46:58.213,101.0,57.0,35.0,45.0,217.0,28.0
20240314,11:47:01.903,99.0,57.0,35.0,44.0,337.0,28.0
20240314,11:47:05.588,96.0,56.0,35.0,46.0,328.0,29.0
20240314,11:47:09.286,98.0,56.0,35.0,46.0,263.0,28.0
20240314,11:47:12.960,100.0,56.0,35.0,45.0,203.0,28.0
20240314,11:47:16.665,99.0,57.0,36.0,45.0,206.0,30.0
20240314,11:47:20.339,103.0,57.0,34.0,45.0,213.0,30.0
20240314,11:47:24.007,101.0,56.0,36.0,45.0,312.0,29.0
20240314,11:47:27.698,99.0,57.0,35.0,44.0,339.0,28.0
20240314,11:47:31.399,99.0,56.0,35.0,46.0,334.0,28.0
20240314,11:47:35.084,99.0,57.0,35.0,44.0,200.0,29.0
20240314,11:47:38.766,98.0,56.0,35.0,46.0,205.0,29.0
20240314,11:47:42.441,99.0,57.0,35.0,44.0,211.0,29.0
20240314,11:47:46.127,100.0,56.0,35.0,45.0,278.0,28.0
20240314,11:47:49.808,101.0,56.0,35.0,44.0,321.0,27.0
20240314,11:47:53.498,101.0,56.0,34.0,44.0,199.0,28.0
20240314,11:47:57.175,99.0,56.0,35.0,44.0,206.0,28.0
20240314,11:48:00.853,101.0,57.0,36.0,45.0,219.0,28.0
20240314,11:48:04.540,100.0,57.0,35.0,46.0,336.0,28.0
20240314,11:48:08.210,100.0,56.0,35.0,44.0,206.0,28.0
20240314,11:48:11.896,96.0,57.0,35.0,45.0,213.0,28.0
20240314,11:48:15.581,103.0,57.0,35.0,45.0,339.0,29.0
20240314,11:48:19.280,102.0,57.0,35.0,46.0,329.0,28.0
20240314,11:48:22.956,103.0,57.0,35.0,45.0,208.0,29.0
20240314,11:48:26.626,98.0,57.0,35.0,46.0,200.0,29.0
20240314,11:48:30.311,103.0,57.0,34.0,45.0,209.0,29.0
20240314,11:48:34.010,96.0,56.0,35.0,45.0,336.0,29.0
20240314,11:48:37.701,101.0,57.0,35.0,45.0,329.0,28.0
20240314,11:48:41.376,100.0,57.0,36.0,45.0,255.0,28.0
20240314,11:48:45.075,100.0,56.0,35.0,44.0,199.0,29.0
20240314,11:48:48.751,97.0,57.0,35.0,46.0,207.0,29.0
20240314,11:48:52.420,103.0,56.0,35.0,45.0,266.0,29.0
20240314,11:48:56.111,101.0,57.0,35.0,45.0,335.0,28.0
20240314,11:48:59.816,100.0,57.0,35.0,45.0,210.0,29.0
20240314,11:49:03.491,98.0,57.0,35.0,46.0,223.0,29.0
20240314,11:49:07.178,103.0,56.0,35.0,46.0,315.0,29.0
20240314,11:49:10.862,100.0,56.0,35.0,46.0,200.0,28.0
20240314,11:49:14.554,98.0,57.0,35.0,46.0,204.0,28.0
20240314,11:49:18.224,103.0,57.0,35.0,46.0,220.0,29.0
20240314,11:49:21.904,100.0,56.0,35.0,45.0,307.0,28.0
20240314,11:49:25.588,98.0,56.0,35.0,46.0,329.0,29.0
20240314,11:49:29.286,104.0,56.0,34.0,46.0,267.0,28.0
20240314,11:49:32.975,99.0,56.0,35.0,44.0,221.0,29.0
20240314,11:49:36.658,102.0,57.0,34.0,45.0,338.0,28.0
20240314,11:49:40.337,101.0,56.0,36.0,46.0,328.0,28.0
20240314,11:49:43.999,99.0,56.0,35.0,45.0,311.0,29.0
20240314,11:49:47.688,106.0,57.0,34.0,45.0,199.0,29.0
20240314,11:49:51.363,100.0,56.0,36.0,45.0,207.0,28.0
20240314,11:49:55.065,97.0,57.0,35.0,45.0,216.0,29.0
20240314,11:49:58.733,101.0,56.0,35.0,45.0,337.0,27.0
20240314,11:50:02.447,103.0,56.0,35.0,45.0,338.0,28.0
20240314,11:50:06.135,101.0,56.0,36.0,45.0,244.0,27.0
20240314,11:50:09.815,101.0,57.0,35.0,45.0,202.0,28.0
20240314,11:50:13.521,101.0,56.0,35.0,45.0,207.0,29.0
20240314,11:50:17.190,100.0,56.0,35.0,45.0,216.0,28.0
20240314,11:50:20.889,101.0,57.0,35.0,45.0,325.0,29.0
20240314,11:50:24.566,97.0,56.0,35.0,45.0,339.0,29.0
20240314,11:50:28.245,105.0,57.0,34.0,46.0,331.0,29.0
20240314,11:50:31.922,101.0,56.0,36.0,45.0,206.0,28.0
20240314,11:50:35.609,100.0,56.0,35.0,46.0,213.0,28.0
20240314,11:50:39.291,99.0,57.0,35.0,46.0,230.0,28.0
20240314,11:50:42.975,102.0,57.0,34.0,45.0,335.0,28.0
20240314,11:50:46.657,100.0,57.0,36.0,46.0,335.0,28.0
20240314,11:50:50.348,99.0,56.0,35.0,44.0,330.0,29.0
20240314,11:50:54.022,97.0,55.0,35.0,46.0,323.0,29.0
20240314,11:50:57.714,99.0,56.0,35.0,44.0,204.0,28.0
20240314,11:51:01.390,96.0,56.0,35.0,45.0,209.0,29.0
20240314,11:51:05.075,101.0,56.0,35.0,45.0,330.0,28.0
20240314,11:51:08.776,99.0,56.0,35.0,45.0,326.0,29.0
20240314,11:51:12.438,102.0,57.0,35.0,46.0,320.0,28.0
20240314,11:51:16.131,101.0,56.0,35.0,46.0,311.0,27.0
20240314,11:51:19.805,99.0,56.0,35.0,45.0,303.0,29.0
20240314,11:51:23.502,107.0,57.0,34.0,45.0,234.0,31.0
20240314,11:51:27.192,97.0,56.0,35.0,45.0,326.0,30.0
20240314,11:51:30.871,102.0,57.0,35.0,45.0,201.0,29.0
20240314,11:51:34.560,99.0,56.0,36.0,45.0,201.0,29.0
20240314,11:51:38.253,103.0,57.0,35.0,45.0,203.0,29.0
20240314,11:51:41.932,102.0,57.0,35.0,45.0,207.0,28.0
20240314,11:51:45.603,99.0,56.0,35.0,44.0,211.0,28.0
20240314,11:51:49.283,103.0,57.0,34.0,45.0,220.0,29.0
20240314,11:51:52.984,102.0,57.0,35.0,45.0,305.0,27.0
20240314,11:51:56.658,97.0,56.0,35.0,46.0,319.0,29.0
20240314,11:52:00.354,101.0,56.0,36.0,45.0,214.0,29.0
20240314,11:52:04.036,99.0,56.0,35.0,45.0,224.0,29.0
20240314,11:52:07.731,103.0,56.0,35.0,46.0,336.0,29.0
20240314,11:52:11.397,100.0,56.0,35.0,45.0,333.0,29.0
20240314,11:52:15.088,97.0,57.0,36.0,45.0,330.0,29.0
20240314,11:52:18.780,102.0,57.0,35.0,46.0,246.0,28.0
20240314,11:52:22.442,98.0,56.0,35.0,46.0,200.0,29.0
20240314,11:52:26.134,97.0,56.0,35.0,45.0,197.0,29.0
20240314,11:52:29.836,100.0,56.0,35.0,45.0,295.0,29.0
20240314,11:52:33.515,100.0,56.0,36.0,45.0,339.0,29.0
20240314,11:52:37.205,100.0,56.0,35.0,46.0,331.0,28.0
20240314,11:52:40.879,100.0,56.0,35.0,44.0,322.0,29.0
20240314,11:52:44.546,96.0,56.0,35.0,46.0,279.0,29.0
20240314,11:52:48.226,106.0,56.0,35.0,46.0,198.0,28.0
20240314,11:52:51.928,100.0,57.0,35.0,45.0,203.0,29.0
20240314,11:52:55.813,102.0,57.0,34.0,45.0,213.0,29.0
20240314,11:52:59.302,100.0,56.0,36.0,45.0,335.0,29.0
20240314,11:53:02.997,97.0,56.0,35.0,45.0,304.0,29.0
20240314,11:53:06.859,101.0,57.0,36.0,45.0,198.0,28.0
20240314,11:53:10.363,100.0,56.0,36.0,45.0,204.0,28.0
20240314,11:53:14.051,98.0,56.0,35.0,45.0,205.0,29.0
20240314,11:53:17.887,102.0,56.0,35.0,45.0,215.0,29.0
20240314,11:53:21.410,101.0,56.0,36.0,45.0,335.0,27.0
20240314,11:53:25.097,99.0,56.0,35.0,46.0,333.0,30.0
20240314,11:53:28.925,100.0,57.0,35.0,46.0,313.0,28.0
20240314,11:53:32.463,99.0,56.0,36.0,44.0,207.0,29.0
20240314,11:53:36.156,100.0,56.0,35.0,45.0,202.0,29.0
20240314,11:53:40.000,102.0,57.0,35.0,45.0,211.0,28.0
20240314,11:53:43.512,99.0,56.0,35.0,46.0,285.0,29.0
20240314,11:53:47.206,104.0,57.0,34.0,46.0,337.0,28.0
20240314,11:53:51.024,100.0,56.0,35.0,46.0,327.0,28.0
20240314,11:53:54.586,96.0,56.0,35.0,46.0,203.0,28.0
20240314,11:53:58.259,101.0,56.0,35.0,46.0,211.0,28.0
20240314,11:54:02.088,98.0,57.0,35.0,46.0,220.0,29.0
20240314,11:54:05.624,100.0,57.0,36.0,45.0,314.0,28.0
20240314,11:54:09.320,100.0,56.0,34.0,44.0,337.0,29.0
20240314,11:54:13.155,100.0,56.0,35.0,45.0,332.0,29.0
20240314,11:54:16.664,102.0,56.0,35.0,45.0,329.0,28.0
20240314,11:54:20.376,103.0,57.0,35.0,45.0,335.0,28.0
20240314,11:54:24.207,100.0,56.0,35.0,44.0,332.0,29.0
20240314,11:54:27.735,101.0,56.0,36.0,45.0,206.0,28.0
20240314,11:54:31.440,100.0,55.0,35.0,44.0,221.0,28.0
20240314,11:54:35.246,100.0,56.0,35.0,45.0,334.0,29.0
20240314,11:54:38.805,102.0,57.0,34.0,45.0,322.0,28.0
20240314,11:54:42.473,101.0,56.0,34.0,46.0,208.0,29.0
20240314,11:54:46.309,101.0,56.0,35.0,45.0,203.0,28.0
20240314,11:54:49.838,102.0,56.0,34.0,46.0,210.0,28.0
20240314,11:54:53.536,99.0,56.0,35.0,45.0,331.0,28.0
20240314,11:54:57.359,99.0,55.0,35.0,46.0,319.0,28.0
20240314,11:55:00.902,102.0,56.0,35.0,46.0,197.0,27.0
20240314,11:55:04.571,100.0,56.0,35.0,45.0,207.0,29.0
20240314,11:55:08.413,102.0,56.0,35.0,46.0,246.0,29.0
20240314,11:55:11.945,102.0,56.0,34.0,45.0,336.0,28.0
20240314,11:55:15.635,100.0,56.0,36.0,45.0,330.0,28.0
20240314,11:55:19.467,100.0,56.0,35.0,45.0,322.0,30.0
20240314,11:55:22.984,103.0,56.0,35.0,46.0,251.0,36.0
20240314,11:55:26.680,114.0,57.0,35.0,45.0,227.0,43.0
20240314,11:55:30.527,112.0,57.0,36.0,45.0,339.0,42.0
20240314,11:55:34.058,108.0,57.0,36.0,45.0,332.0,45.0
20240314,11:55:37.723,113.0,56.0,34.0,46.0,321.0,43.0
20240314,11:55:41.563,110.0,56.0,37.0,46.0,202.0,43.0
20240314,11:55:45.116,106.0,56.0,36.0,46.0,306.0,40.0
20240314,11:55:48.805,112.0,57.0,36.0,45.0,201.0,42.0
20240314,11:55:52.492,108.0,56.0,37.0,45.0,334.0,40.0
20240314,11:55:56.201,114.0,56.0,36.0,45.0,322.0,45.0
20240314,11:55:59.889,115.0,57.0,36.0,45.0,198.0,46.0
20240314,11:56:03.550,110.0,56.0,37.0,46.0,208.0,49.0
20240314,11:56:07.220,118.0,57.0,36.0,45.0,288.0,43.0
20240314,11:56:10.906,118.0,57.0,36.0,45.0,335.0,45.0
20240314,11:56:14.586,112.0,56.0,37.0,46.0,323.0,48.0
20240314,11:56:18.261,118.0,57.0,35.0,46.0,201.0,45.0
20240314,11:56:21.943,114.0,57.0,36.0,45.0,210.0,45.0
20240314,11:56:25.645,116.0,57.0,35.0,45.0,323.0,43.0
20240314,11:56:29.327,115.0,57.0,36.0,46.0,206.0,42.0
20240314,11:56:33.002,111.0,56.0,35.0,47.0,204.0,45.0
20240314,11:56:36.691,119.0,57.0,37.0,45.0,216.0,47.0
20240314,11:56:40.369,119.0,57.0,36.0,45.0,315.0,52.0
20240314,11:56:44.044,118.0,57.0,35.0,45.0,329.0,51.0
20240314,11:56:47.732,115.0,58.0,36.0,45.0,204.0,45.0
20240314,11:56:51.456,113.0,58.0,35.0,44.0,333.0,41.0
20240314,11:56:55.133,111.0,57.0,35.0,44.0,332.0,39.0
20240314,11:56:58.807,114.0,58.0,36.0,44.0,301.0,41.0
20240314,11:57:02.503,112.0,56.0,36.0,46.0,202.0,41.0
20240314,11:57:06.174,117.0,58.0,35.0,46.0,211.0,44.0
20240314,11:57:09.871,118.0,59.0,36.0,46.0,337.0,43.0
20240314,11:57:13.571,120.0,58.0,37.0,45.0,340.0,45.0
20240314,11:57:17.244,120.0,58.0,36.0,46.0,329.0,44.0
20240314,11:57:20.922,117.0,58.0,36.0,45.0,234.0,44.0
20240314,11:57:24.610,117.0,57.0,35.0,45.0,307.0,41.0
20240314,11:57:28.292,119.0,57.0,36.0,46.0,335.0,39.0
20240314,11:57:31.993,122.0,59.0,35.0,46.0,320.0,38.0
20240314,11:57:35.657,116.0,59.0,36.0,44.0,200.0,43.0
20240314,11:57:39.348,119.0,59.0,36.0,46.0,296.0,45.0
20240314,11:57:43.038,117.0,59.0,36.0,45.0,213.0,44.0
20240314,11:57:46.735,116.0,58.0,36.0,46.0,336.0,43.0
20240314,11:57:50.389,120.0,59.0,36.0,46.0,204.0,42.0
20240314,11:57:54.110,118.0,58.0,36.0,45.0,213.0,47.0
20240314,11:57:57.760,114.0,57.0,36.0,46.0,337.0,46.0
20240314,11:58:01.457,110.0,58.0,36.0,46.0,326.0,43.0
20240314,11:58:05.132,114.0,59.0,36.0,45.0,206.0,41.0
20240314,11:58:08.808,112.0,58.0,36.0,45.0,207.0,40.0
20240314,11:58:12.490,110.0,58.0,36.0,46.0,284.0,41.0
20240314,11:58:16.180,117.0,58.0,37.0,46.0,335.0,43.0
20240314,11:58:19.858,119.0,61.0,36.0,44.0,301.0,40.0
20240314,11:58:23.546,120.0,61.0,35.0,46.0,313.0,40.0
20240314,11:58:27.241,117.0,60.0,36.0,45.0,330.0,42.0
20240314,11:58:30.929,114.0,59.0,35.0,46.0,199.0,43.0
20240314,11:58:34.602,119.0,59.0,36.0,45.0,212.0,48.0
20240314,11:58:38.277,115.0,59.0,36.0,45.0,336.0,41.0
20240314,11:58:41.963,117.0,60.0,36.0,45.0,321.0,40.0
20240314,11:58:45.659,115.0,59.0,37.0,46.0,203.0,40.0
20240314,11:58:49.350,111.0,59.0,36.0,46.0,331.0,44.0
20240314,11:58:53.030,122.0,59.0,37.0,45.0,268.0,50.0
20240314,11:58:56.698,117.0,59.0,36.0,44.0,204.0,46.0
20240314,11:59:00.400,119.0,59.0,35.0,46.0,339.0,45.0
20240314,11:59:04.084,119.0,59.0,36.0,46.0,212.0,43.0
20240314,11:59:07.763,117.0,58.0,36.0,46.0,211.0,54.0
20240314,11:59:11.433,117.0,59.0,36.0,46.0,336.0,53.0
20240314,11:59:15.118,125.0,64.0,35.0,46.0,331.0,47.0
20240314,11:59:18.820,122.0,62.0,35.0,46.0,206.0,50.0
20240314,11:59:22.490,120.0,61.0,36.0,45.0,336.0,49.0
20240314,11:59:26.183,122.0,61.0,34.0,45.0,319.0,47.0
20240314,11:59:29.866,126.0,60.0,36.0,45.0,204.0,56.0
20240314,11:59:33.558,120.0,60.0,36.0,44.0,236.0,58.0
20240314,11:59:37.229,123.0,59.0,36.0,46.0,214.0,50.0
20240314,11:59:40.905,122.0,59.0,37.0,46.0,248.0,51.0
20240314,11:59:44.590,120.0,60.0,36.0,45.0,208.0,48.0
20240314,11:59:48.296,120.0,59.0,35.0,45.0,322.0,46.0
20240314,11:59:51.963,119.0,59.0,36.0,45.0,203.0,44.0
20240314,11:59:55.646,118.0,60.0,35.0,44.0,227.0,43.0
20240314,11:59:59.339,120.0,58.0,35.0,45.0,334.0,45.0
20240314,12:00:03.025,117.0,59.0,37.0,45.0,294.0,42.0
20240314,12:00:06.734,116.0,59.0,37.0,46.0,243.0,42.0
20240314,12:00:10.409,122.0,59.0,36.0,45.0,205.0,43.0
20240314,12:00:14.097,116.0,58.0,36.0,46.0,305.0,42.0
20240314,12:00:17.781,120.0,58.0,35.0,46.0,202.0,42.0
20240314,12:00:21.473,118.0,58.0,36.0,45.0,333.0,43.0
20240314,12:00:25.158,115.0,58.0,35.0,45.0,323.0,42.0
20240314,12:00:28.840,117.0,59.0,36.0,45.0,202.0,39.0
20240314,12:00:32.503,114.0,58.0,36.0,44.0,205.0,42.0
20240314,12:00:36.185,118.0,59.0,34.0,46.0,331.0,45.0
20240314,12:00:39.886,117.0,58.0,36.0,45.0,339.0,42.0
20240314,12:00:43.557,113.0,58.0,35.0,45.0,329.0,44.0
20240314,12:00:47.262,119.0,58.0,36.0,46.0,207.0,43.0
20240314,12:00:50.948,114.0,58.0,35.0,44.0,213.0,48.0
20240314,12:00:54.626,122.0,59.0,36.0,45.0,315.0,43.0
20240314,12:00:58.305,118.0,59.0,37.0,45.0,336.0,41.0
20240314,12:01:01.987,119.0,59.0,34.0,45.0,325.0,40.0
20240314,12:01:05.669,115.0,59.0,35.0,46.0,273.0,39.0
20240314,12:01:09.351,110.0,60.0,36.0,45.0,199.0,39.0
20240314,12:01:13.038,118.0,60.0,36.0,46.0,205.0,41.0
20240314,12:01:16.725,112.0,61.0,35.0,45.0,230.0,39.0
20240314,12:01:20.423,118.0,61.0,36.0,45.0,331.0,41.0
20240314,12:01:24.109,118.0,60.0,35.0,46.0,323.0,45.0
20240314,12:01:27.791,116.0,59.0,36.0,46.0,271.0,44.0
20240314,12:01:31.495,112.0,59.0,36.0,45.0,325.0,44.0
20240314,12:01:35.166,114.0,59.0,36.0,45.0,206.0,42.0
20240314,12:01:38.845,112.0,58.0,36.0,46.0,200.0,45.0
20240314,12:01:42.527,122.0,59.0,35.0,45.0,206.0,48.0
20240314,12:01:46.227,119.0,59.0,35.0,46.0,334.0,46.0
20240314,12:01:49.919,115.0,58.0,35.0,45.0,325.0,43.0
20240314,12:01:53.591,116.0,59.0,34.0,45.0,236.0,42.0
20240314,12:01:57.278,120.0,59.0,36.0,45.0,202.0,38.0
20240314,12:02:00.949,115.0,60.0,36.0,44.0,208.0,42.0
20240314,12:02:04.655,112.0,59.0,35.0,45.0,228.0,45.0
20240314,12:02:08.322,123.0,60.0,38.0,45.0,341.0,48.0
20240314,12:02:12.003,121.0,59.0,36.0,45.0,333.0,56.0
20240314,12:02:15.694,119.0,59.0,35.0,46.0,315.0,50.0
20240314,12:02:19.391,123.0,59.0,38.0,46.0,215.0,44.0
20240314,12:02:23.070,119.0,58.0,37.0,46.0,326.0,46.0
20240314,12:02:26.762,119.0,59.0,36.0,45.0,335.0,43.0
20240314,12:02:30.428,118.0,59.0,36.0,46.0,325.0,42.0
20240314,12:02:34.105,112.0,58.0,36.0,46.0,209.0,41.0
20240314,12:02:37.808,116.0,58.0,37.0,46.0,203.0,40.0
20240314,12:02:41.495,114.0,58.0,37.0,46.0,210.0,42.0
20240314,12:02:45.163,123.0,59.0,35.0,45.0,330.0,44.0
20240314,12:02:48.850,118.0,58.0,36.0,45.0,306.0,45.0
20240314,12:02:52.536,121.0,59.0,37.0,46.0,201.0,47.0
20240314,12:02:56.229,116.0,58.0,36.0,45.0,209.0,46.0
20240314,12:02:59.916,116.0,58.0,36.0,44.0,208.0,43.0
20240314,12:03:03.608,113.0,58.0,35.0,45.0,223.0,39.0
20240314,12:03:07.272,116.0,59.0,35.0,46.0,337.0,38.0
20240314,12:03:10.963,114.0,58.0,37.0,45.0,336.0,42.0
20240314,12:03:14.645,119.0,60.0,37.0,46.0,322.0,44.0
20240314,12:03:18.336,116.0,68.0,37.0,45.0,220.0,43.0
20240314,12:03:22.017,121.0,66.0,36.0,45.0,342.0,42.0
20240314,12:03:25.707,117.0,63.0,36.0,45.0,328.0,45.0
20240314,12:03:29.392,121.0,62.0,36.0,46.0,200.0,44.0
20240314,12:03:33.073,119.0,61.0,36.0,45.0,337.0,54.0
20240314,12:03:36.745,122.0,62.0,35.0,45.0,339.0,51.0
20240314,12:03:40.443,123.0,61.0,35.0,46.0,330.0,42.0
20240314,12:03:44.134,119.0,60.0,36.0,45.0,210.0,45.0
20240314,12:03:47.832,116.0,61.0,36.0,45.0,260.0,46.0
20240314,12:03:51.492,115.0,59.0,36.0,46.0,336.0,48.0
20240314,12:03:55.188,122.0,60.0,35.0,46.0,328.0,52.0
20240314,12:03:58.855,123.0,59.0,36.0,45.0,260.0,46.0
20240314,12:04:02.550,120.0,59.0,36.0,46.0,203.0,44.0
20240314,12:04:06.217,128.0,60.0,36.0,45.0,212.0,44.0
20240314,12:04:09.901,125.0,63.0,37.0,46.0,335.0,46.0
20240314,12:04:13.594,118.0,62.0,37.0,47.0,333.0,45.0
20240314,12:04:17.294,121.0,62.0,37.0,46.0,208.0,42.0
20240314,12:04:20.968,123.0,63.0,36.0,45.0,215.0,45.0
20240314,12:04:24.656,114.0,60.0,36.0,46.0,335.0,44.0
20240314,12:04:28.335,113.0,60.0,36.0,46.0,331.0,44.0
20240314,12:04:32.011,117.0,60.0,36.0,45.0,209.0,45.0
20240314,12:04:35.691,118.0,59.0,36.0,46.0,203.0,45.0
20240314,12:04:39.392,120.0,61.0,36.0,45.0,212.0,42.0
20240314,12:04:43.075,113.0,60.0,36.0,46.0,336.0,44.0
20240314,12:04:46.781,119.0,60.0,36.0,46.0,328.0,47.0
20240314,12:04:50.442,117.0,64.0,36.0,44.0,232.0,43.0
20240314,12:04:54.139,117.0,63.0,34.0,46.0,203.0,40.0
20240314,12:04:57.814,114.0,62.0,36.0,45.0,211.0,38.0
20240314,12:05:01.494,112.0,61.0,36.0,46.0,318.0,39.0
20240314,12:05:05.187,119.0,61.0,36.0,46.0,334.0,40.0
20240314,12:05:08.855,119.0,60.0,37.0,45.0,316.0,42.0
20240314,12:05:12.540,122.0,60.0,37.0,46.0,203.0,41.0
20240314,12:05:16.233,117.0,59.0,36.0,45.0,334.0,45.0
20240314,12:05:19.933,121.0,60.0,37.0,46.0,323.0,46.0
20240314,12:05:23.605,118.0,59.0,36.0,45.0,201.0,45.0
20240314,12:05:27.276,121.0,59.0,36.0,46.0,212.0,44.0
20240314,12:05:30.961,117.0,60.0,36.0,45.0,322.0,42.0
20240314,12:05:34.667,118.0,59.0,36.0,46.0,330.0,42.0
20240314,12:05:38.330,114.0,59.0,36.0,45.0,199.0,40.0
20240314,12:05:42.018,116.0,59.0,36.0,45.0,336.0,43.0
20240314,12:05:45.723,111.0,60.0,36.0,45.0,201.0,42.0
20240314,12:05:49.408,116.0,60.0,36.0,45.0,294.0,41.0
20240314,12:05:53.093,115.0,60.0,36.0,46.0,315.0,44.0
20240314,12:05:56.772,114.0,60.0,36.0,45.0,330.0,40.0
20240314,12:06:00.457,113.0,59.0,36.0,46.0,236.0,42.0
20240314,12:06:04.136,112.0,59.0,37.0,45.0,207.0,39.0
20240314,12:06:07.837,111.0,59.0,35.0,45.0,291.0,40.0
20240314,12:06:11.513,107.0,58.0,36.0,46.0,332.0,38.0
20240314,12:06:15.192,112.0,59.0,36.0,45.0,214.0,39.0
20240314,12:06:18.891,110.0,58.0,36.0,45.0,339.0,39.0
20240314,12:06:22.567,108.0,57.0,36.0,46.0,322.0,40.0
20240314,12:06:26.259,116.0,60.0,36.0,46.0,201.0,42.0
20240314,12:06:29.931,115.0,60.0,36.0,45.0,338.0,45.0
20240314,12:06:33.614,111.0,59.0,36.0,45.0,312.0,45.0
20240314,12:06:37.287,118.0,70.0,36.0,46.0,332.0,44.0
20240314,12:06:40.995,112.0,68.0,36.0,45.0,209.0,42.0
20240314,12:06:44.659,114.0,66.0,35.0,45.0,291.0,39.0
20240314,12:06:48.352,111.0,64.0,35.0,45.0,333.0,38.0
20240314,12:06:52.037,110.0,62.0,36.0,45.0,297.0,39.0
20240314,12:06:55.716,116.0,62.0,36.0,45.0,205.0,44.0
20240314,12:06:59.417,116.0,63.0,36.0,45.0,232.0,39.0
20240314,12:07:03.085,120.0,62.0,34.0,46.0,335.0,41.0
20240314,12:07:06.780,115.0,62.0,36.0,44.0,306.0,42.0
20240314,12:07:10.460,124.0,61.0,36.0,46.0,205.0,46.0
20240314,12:07:14.147,119.0,62.0,36.0,44.0,333.0,44.0
20240314,12:07:17.850,115.0,62.0,36.0,45.0,339.0,39.0
20240314,12:07:21.526,118.0,62.0,37.0,46.0,325.0,40.0
20240314,12:07:25.210,113.0,61.0,35.0,45.0,200.0,40.0
20240314,12:07:28.897,113.0,61.0,34.0,45.0,336.0,39.0
20240314,12:07:32.574,113.0,60.0,36.0,45.0,338.0,38.0
20240314,12:07:36.260,112.0,60.0,36.0,45.0,330.0,38.0
20240314,12:07:39.936,117.0,62.0,36.0,45.0,214.0,40.0
20240314,12:07:43.625,117.0,61.0,34.0,46.0,340.0,39.0
20240314,12:07:47.320,112.0,61.0,36.0,45.0,322.0,38.0
20240314,12:07:50.992,112.0,60.0,34.0,46.0,202.0,35.0
20240314,12:07:54.677,109.0,60.0,35.0,45.0,215.0,35.0
20240314,12:07:58.373,110.0,59.0,35.0,46.0,334.0,33.0
20240314,12:08:02.067,108.0,59.0,36.0,45.0,206.0,34.0
20240314,12:08:05.981,112.0,58.0,36.0,46.0,334.0,36.0
20240314,12:08:09.660,115.0,59.0,36.0,45.0,269.0,39.0
20240314,12:08:13.345,112.0,61.0,37.0,45.0,211.0,39.0
20240314,12:08:17.037,119.0,61.0,36.0,45.0,274.0,38.0
20240314,12:08:20.719,111.0,60.0,35.0,46.0,340.0,36.0
20240314,12:08:24.379,112.0,59.0,36.0,46.0,334.0,35.0
20240314,12:08:28.075,112.0,59.0,36.0,45.0,200.0,35.0
20240314,12:08:31.750,116.0,59.0,35.0,46.0,285.0,34.0
20240314,12:08:35.434,111.0,58.0,35.0,46.0,201.0,35.0
20240314,12:08:39.128,111.0,58.0,36.0,45.0,213.0,37.0
20240314,12:08:42.814,113.0,59.0,35.0,46.0,259.0,34.0
20240314,12:08:46.468,110.0,58.0,36.0,45.0,339.0,34.0
20240314,12:08:50.173,111.0,59.0,36.0,46.0,334.0,33.0
20240314,12:08:53.839,113.0,59.0,36.0,45.0,326.0,34.0
20240314,12:08:57.522,117.0,60.0,35.0,46.0,284.0,37.0
20240314,12:09:01.227,118.0,59.0,35.0,46.0,216.0,40.0
20240314,12:09:04.905,120.0,60.0,36.0,46.0,204.0,39.0
20240314,12:09:08.583,113.0,60.0,37.0,44.0,211.0,38.0
20240314,12:09:12.291,108.0,59.0,35.0,46.0,227.0,37.0
20240314,12:09:15.964,107.0,58.0,36.0,46.0,340.0,35.0
20240314,12:09:19.661,111.0,59.0,37.0,46.0,333.0,35.0
20240314,12:09:23.343,115.0,60.0,36.0,46.0,326.0,39.0
20240314,12:09:27.011,112.0,60.0,36.0,46.0,204.0,40.0
20240314,12:09:30.681,112.0,59.0,36.0,46.0,199.0,44.0
20240314,12:09:34.370,110.0,59.0,36.0,46.0,203.0,41.0
20240314,12:09:38.061,111.0,59.0,36.0,45.0,320.0,39.0
20240314,12:09:41.740,113.0,59.0,36.0,46.0,337.0,37.0
20240314,12:09:45.424,113.0,59.0,35.0,46.0,332.0,36.0
20240314,12:09:49.094,115.0,59.0,35.0,45.0,325.0,42.0
20240314,12:09:52.785,115.0,64.0,36.0,45.0,290.0,42.0
20240314,12:09:56.472,115.0,70.0,36.0,46.0,199.0,40.0
20240314,12:10:00.156,119.0,67.0,36.0,45.0,205.0,42.0
20240314,12:10:03.835,115.0,64.0,36.0,44.0,215.0,41.0
20240314,12:10:07.508,113.0,63.0,36.0,45.0,317.0,39.0
20240314,12:10:11.190,112.0,62.0,35.0,45.0,324.0,37.0
20240314,12:10:14.891,117.0,61.0,35.0,44.0,213.0,38.0
20240314,12:10:18.582,112.0,61.0,34.0,44.0,337.0,37.0
20240314,12:10:22.250,113.0,61.0,35.0,45.0,329.0,40.0
20240314,12:10:25.934,111.0,60.0,36.0,45.0,207.0,42.0
20240314,12:10:29.606,120.0,61.0,35.0,46.0,202.0,44.0
20240314,12:10:33.306,115.0,61.0,36.0,45.0,206.0,43.0
20240314,12:10:36.990,113.0,60.0,34.0,45.0,331.0,38.0
20240314,12:10:40.686,110.0,60.0,36.0,46.0,323.0,35.0
20240314,12:10:44.360,107.0,58.0,36.0,46.0,197.0,35.0
20240314,12:10:48.069,114.0,60.0,34.0,45.0,199.0,38.0
20240314,12:10:51.745,114.0,60.0,36.0,45.0,207.0,38.0
20240314,12:10:55.418,108.0,58.0,36.0,46.0,297.0,37.0
20240314,12:10:59.115,120.0,60.0,35.0,46.0,335.0,42.0
20240314,12:11:02.804,113.0,62.0,36.0,45.0,313.0,40.0
20240314,12:11:06.473,117.0,61.0,35.0,45.0,203.0,47.0
20240314,12:11:10.168,115.0,61.0,36.0,45.0,333.0,43.0
20240314,12:11:13.842,109.0,60.0,35.0,46.0,300.0,41.0
20240314,12:11:17.520,112.0,61.0,36.0,45.0,204.0,37.0
20240314,12:11:21.200,110.0,61.0,36.0,44.0,217.0,36.0
20240314,12:11:24.890,117.0,61.0,34.0,46.0,336.0,36.0
20240314,12:11:28.583,111.0,60.0,36.0,45.0,323.0,37.0
20240314,12:11:32.249,114.0,61.0,34.0,46.0,201.0,38.0
20240314,12:11:35.938,112.0,59.0,36.0,45.0,332.0,39.0
20240314,12:11:39.628,121.0,61.0,34.0,45.0,300.0,42.0
20240314,12:11:43.305,113.0,61.0,36.0,44.0,205.0,42.0
20240314,12:11:47.009,115.0,61.0,34.0,45.0,248.0,39.0
20240314,12:11:50.682,111.0,60.0,35.0,44.0,332.0,39.0
20240314,12:11:54.352,114.0,60.0,34.0,45.0,257.0,37.0
20240314,12:11:58.048,109.0,59.0,36.0,45.0,207.0,36.0
20240314,12:12:01.741,112.0,60.0,35.0,45.0,298.0,35.0
20240314,12:12:05.418,107.0,59.0,35.0,45.0,330.0,34.0
20240314,12:12:09.101,110.0,59.0,36.0,45.0,212.0,32.0
20240314,12:12:12.795,112.0,59.0,36.0,45.0,212.0,35.0
20240314,12:12:16.477,114.0,59.0,36.0,46.0,340.0,37.0
20240314,12:12:20.175,110.0,60.0,35.0,45.0,327.0,38.0
20240314,12:12:23.864,113.0,59.0,36.0,45.0,221.0,38.0
20240314,12:12:27.572,113.0,59.0,36.0,45.0,213.0,38.0
20240314,12:12:31.225,112.0,60.0,35.0,45.0,333.0,36.0
20240314,12:12:34.928,106.0,59.0,36.0,46.0,201.0,36.0
20240314,12:12:38.607,110.0,59.0,36.0,46.0,205.0,37.0
20240314,12:12:42.281,107.0,59.0,35.0,44.0,214.0,36.0
20240314,12:12:45.968,113.0,60.0,34.0,45.0,340.0,35.0
20240314,12:12:49.658,110.0,59.0,36.0,45.0,326.0,35.0
20240314,12:12:53.345,112.0,58.0,35.0,46.0,209.0,41.0
20240314,12:12:57.017,111.0,59.0,35.0,45.0,208.0,38.0
20240314,12:13:00.718,109.0,58.0,36.0,45.0,313.0,37.0
20240314,12:13:04.401,109.0,59.0,36.0,45.0,332.0,36.0
20240314,12:13:08.086,112.0,59.0,35.0,44.0,213.0,35.0
20240314,12:13:11.775,111.0,59.0,35.0,46.0,340.0,33.0
20240314,12:13:15.443,108.0,59.0,35.0,46.0,328.0,33.0
20240314,12:13:19.118,108.0,59.0,34.0,46.0,210.0,32.0
20240314,12:13:22.806,105.0,58.0,35.0,45.0,335.0,32.0
20240314,12:13:26.493,108.0,59.0,36.0,45.0,214.0,32.0
20240314,12:13:30.184,106.0,58.0,35.0,45.0,333.0,34.0
20240314,12:13:33.864,110.0,59.0,36.0,45.0,207.0,38.0
20240314,12:13:37.546,110.0,59.0,34.0,45.0,205.0,37.0
20240314,12:13:41.262,110.0,59.0,35.0,46.0,206.0,35.0
20240314,12:13:44.929,106.0,58.0,35.0,45.0,245.0,34.0
20240314,12:13:48.606,108.0,59.0,34.0,45.0,334.0,33.0
20240314,12:13:52.289,105.0,58.0,35.0,45.0,324.0,32.0
20240314,12:13:55.977,108.0,59.0,33.0,46.0,198.0,31.0
20240314,12:13:59.671,104.0,58.0,36.0,45.0,207.0,32.0
20240314,12:14:03.359,108.0,58.0,34.0,46.0,267.0,31.0
20240314,12:14:07.028,103.0,58.0,35.0,44.0,232.0,31.0
20240314,12:14:10.727,107.0,58.0,35.0,45.0,205.0,31.0
20240314,12:14:14.413,105.0,58.0,35.0,45.0,215.0,31.0
20240314,12:14:18.078,112.0,58.0,36.0,46.0,342.0,33.0
20240314,12:14:21.765,107.0,58.0,36.0,45.0,203.0,36.0
20240314,12:14:25.441,109.0,58.0,36.0,46.0,266.0,34.0
20240314,12:14:29.136,107.0,57.0,35.0,46.0,203.0,34.0
20240314,12:14:32.824,106.0,58.0,35.0,45.0,334.0,34.0
20240314,12:14:36.501,108.0,58.0,34.0,45.0,323.0,32.0
20240314,12:14:40.189,103.0,57.0,35.0,45.0,198.0,32.0
20240314,12:14:43.881,107.0,58.0,35.0,45.0,206.0,32.0
20240314,12:14:47.556,106.0,58.0,35.0,45.0,328.0,32.0
20240314,12:14:51.243,104.0,58.0,35.0,44.0,333.0,31.0
20240314,12:14:54.917,104.0,57.0,35.0,46.0,321.0,30.0
20240314,12:14:58.601,110.0,59.0,35.0,46.0,201.0,30.0
20240314,12:15:02.296,107.0,58.0,36.0,45.0,209.0,31.0
20240314,12:15:06.010,103.0,58.0,35.0,44.0,337.0,31.0
20240314,12:15:09.670,104.0,58.0,35.0,46.0,330.0,29.0
20240314,12:15:13.364,100.0,57.0,36.0,47.0,289.0,30.0
20240314,12:15:17.053,103.0,58.0,36.0,45.0,204.0,30.0
20240314,12:15:20.741,102.0,57.0,35.0,45.0,334.0,30.0
20240314,12:15:24.400,105.0,57.0,34.0,46.0,313.0,30.0
20240314,12:15:28.101,105.0,57.0,35.0,44.0,333.0,30.0
20240314,12:15:31.776,106.0,58.0,34.0,45.0,205.0,29.0
20240314,12:15:35.456,102.0,57.0,35.0,45.0,223.0,30.0
20240314,12:15:39.153,105.0,58.0,34.0,46.0,339.0,30.0
20240314,12:15:42.835,106.0,57.0,35.0,45.0,326.0,30.0
20240314,12:15:46.528,103.0,57.0,34.0,46.0,224.0,29.0
20240314,12:15:50.188,102.0,57.0,35.0,45.0,205.0,30.0
20240314,12:15:53.891,103.0,57.0,34.0,46.0,232.0,29.0
20240314,12:15:57.568,102.0,57.0,35.0,45.0,205.0,29.0
20240314,12:16:01.272,105.0,57.0,34.0,45.0,214.0,29.0
20240314,12:16:04.964,102.0,57.0,35.0,45.0,310.0,29.0
20240314,12:16:08.646,102.0,57.0,36.0,45.0,205.0,29.0
20240314,12:16:12.309,99.0,57.0,36.0,45.0,211.0,29.0
20240314,12:16:15.996,105.0,59.0,36.0,45.0,337.0,31.0
20240314,12:16:19.686,108.0,59.0,35.0,46.0,210.0,30.0
20240314,12:16:23.356,104.0,59.0,36.0,44.0,205.0,30.0
20240314,12:16:27.045,106.0,59.0,36.0,45.0,230.0,30.0
20240314,12:16:30.756,105.0,58.0,35.0,45.0,326.0,31.0
20240314,12:16:34.435,109.0,57.0,34.0,46.0,199.0,31.0
20240314,12:16:38.122,104.0,58.0,35.0,44.0,209.0,31.0
20240314,12:16:41.805,104.0,58.0,35.0,46.0,340.0,30.0
20240314,12:16:45.477,100.0,58.0,35.0,45.0,322.0,30.0
20240314,12:16:49.174,105.0,58.0,35.0,46.0,202.0,29.0
20240314,12:16:52.856,102.0,57.0,35.0,45.0,220.0,30.0
20240314,12:16:56.534,108.0,57.0,36.0,45.0,333.0,29.0
20240314,12:17:00.242,108.0,58.0,35.0,46.0,200.0,29.0
20240314,12:17:03.930,105.0,58.0,33.0,46.0,304.0,30.0
20240314,12:17:07.606,105.0,58.0,36.0,46.0,332.0,30.0
20240314,12:17:11.291,104.0,57.0,35.0,46.0,246.0,29.0
20240314,12:17:14.969,99.0,57.0,36.0,46.0,203.0,29.0
20240314,12:17:18.658,102.0,57.0,36.0,45.0,329.0,30.0
20240314,12:17:22.353,103.0,56.0,34.0,45.0,333.0,29.0
20240314,12:17:26.024,103.0,57.0,35.0,45.0,308.0,30.0
20240314,12:17:29.711,100.0,56.0,36.0,45.0,313.0,31.0
20240314,12:17:33.392,103.0,57.0,35.0,46.0,330.0,30.0
20240314,12:17:37.090,98.0,56.0,35.0,46.0,248.0,30.0
20240314,12:17:40.762,102.0,57.0,35.0,45.0,205.0,30.0
20240314,12:17:44.437,106.0,57.0,34.0,46.0,316.0,30.0
20240314,12:17:48.119,102.0,57.0,35.0,45.0,328.0,29.0
20240314,12:17:51.802,105.0,57.0,34.0,46.0,199.0,30.0
20240314,12:17:55.497,102.0,57.0,35.0,45.0,214.0,30.0
20240314,12:17:59.201,104.0,57.0,35.0,45.0,217.0,31.0
20240314,12:18:02.897,106.0,58.0,35.0,46.0,217.0,30.0
20240314,12:18:06.577,104.0,57.0,35.0,45.0,209.0,31.0
20240314,12:18:10.240,104.0,58.0,35.0,45.0,339.0,30.0
20240314,12:18:13.937,101.0,57.0,35.0,45.0,324.0,30.0
20240314,12:18:17.617,103.0,57.0,36.0,45.0,226.0,30.0
20240314,12:18:21.307,105.0,58.0,34.0,46.0,211.0,30.0
20240314,12:18:24.983,102.0,57.0,35.0,44.0,339.0,29.0
20240314,12:18:28.680,104.0,57.0,35.0,46.0,204.0,28.0
20240314,12:18:32.365,97.0,56.0,36.0,46.0,212.0,29.0
20240314,12:18:36.026,101.0,57.0,35.0,44.0,339.0,28.0
20240314,12:18:39.725,104.0,57.0,35.0,45.0,325.0,28.0
20240314,12:18:43.395,98.0,57.0,35.0,46.0,214.0,28.0
20240314,12:18:47.084,101.0,56.0,35.0,45.0,206.0,29.0
20240314,12:18:50.773,105.0,56.0,36.0,45.0,262.0,29.0
20240314,12:18:54.456,99.0,56.0,35.0,45.0,336.0,30.0
20240314,12:18:58.141,101.0,56.0,35.0,45.0,327.0,29.0
20240314,12:19:01.831,104.0,56.0,35.0,45.0,213.0,28.0
20240314,12:19:05.520,107.0,56.0,34.0,46.0,339.0,30.0
20240314,12:19:09.204,98.0,56.0,35.0,45.0,333.0,29.0
20240314,12:19:12.867,101.0,55.0,35.0,44.0,291.0,28.0
20240314,12:19:16.572,100.0,56.0,35.0,44.0,297.0,29.0
20240314,12:19:20.249,99.0,56.0,36.0,45.0,292.0,29.0
20240314,12:19:23.942,108.0,56.0,35.0,46.0,274.0,29.0
20240314,12:19:27.618,101.0,56.0,35.0,45.0,289.0,28.0
20240314,12:19:31.317,98.0,56.0,35.0,46.0,201.0,29.0
20240314,12:19:34.997,102.0,56.0,35.0,46.0,210.0,28.0
20240314,12:19:38.674,97.0,56.0,35.0,46.0,227.0,29.0
20240314,12:19:42.352,106.0,56.0,35.0,45.0,338.0,28.0
20240314,12:19:46.044,97.0,56.0,36.0,46.0,331.0,28.0
20240314,12:19:49.716,100.0,56.0,36.0,46.0,281.0,29.0
20240314,12:19:53.409,102.0,56.0,33.0,45.0,305.0,28.0
20240314,12:19:57.091,101.0,56.0,35.0,46.0,334.0,28.0
20240314,12:20:00.789,99.0,55.0,36.0,46.0,204.0,29.0
