Date,Time,MQ2.SV Vor,MQ3.SV Vor,MQ9B.SV Vor,MQ135.SV Vor,MP503.SV Vor,HCOH.SV Vor
20240314,11:41:08.981,104.0,53.0,38.0,345.0,45.0,27.0
20240314,11:41:08.997,103.0,54.0,38.0,25.0,46.0,27.0
20240314,11:41:08.997,100.0,52.0,37.0,22.0,46.0,26.0
20240314,11:41:12.523,101.0,53.0,37.0,23.0,46.0,27.0
20240314,11:41:16.190,104.0,52.0,36.0,52.0,47.0,26.0
20240314,11:41:19.872,105.0,53.0,37.0,26.0,47.0,26.0
20240314,11:41:23.574,104.0,52.0,36.0,45.0,47.0,27.0
20240314,11:41:27.243,101.0,52.0,38.0,45.0,46.0,26.0
20240314,11:41:30.922,104.0,51.0,37.0,42.0,47.0,26.0
20240314,11:41:34.604,104.0,53.0,37.0,41.0,46.0,26.0
20240314,11:41:38.283,101.0,54.0,36.0,38.0,47.0,26.0
20240314,11:41:41.956,103.0,53.0,36.0,300.0,46.0,26.0
20240314,11:41:45.658,103.0,52.0,37.0,423.0,46.0,28.0
20240314,11:41:49.326,104.0,52.0,37.0,16.0,46.0,27.0
20240314,11:41:53.015,102.0,54.0,36.0,17.0,47.0,27.0
20240314,11:41:56.693,101.0,53.0,37.0,71.0,47.0,27.0
20240314,11:42:00.374,100.0,52.0,38.0,120.0,46.0,27.0
20240314,11:42:04.054,105.0,52.0,37.0,239.0,46.0,26.0
20240314,11:42:07.741,99.0,52.0,37.0,417.0,46.0,27.0
20240314,11:42:11.425,101.0,52.0,37.0,384.0,46.0,27.0
20240314,11:42:15.103,104.0,52.0,37.0,178.0,46.0,27.0
20240314,11:42:18.778,102.0,52.0,37.0,16.0,45.0,26.0
20240314,11:42:22.470,104.0,53.0,38.0,59.0,46.0,27.0
20240314,11:42:26.155,99.0,53.0,37.0,43.0,47.0,26.0
20240314,11:42:29.835,104.0,53.0,37.0,44.0,46.0,27.0
20240314,11:42:33.522,104.0,53.0,37.0,38.0,46.0,26.0
20240314,11:42:37.187,100.0,52.0,37.0,28.0,45.0,27.0
20240314,11:42:40.877,101.0,52.0,38.0,19.0,46.0,27.0
20240314,11:42:44.553,104.0,52.0,38.0,111.0,46.0,26.0
20240314,11:42:48.239,105.0,52.0,39.0,20.0,46.0,27.0
20240314,11:42:51.906,101.0,53.0,38.0,119.0,47.0,26.0
20240314,11:42:55.598,103.0,52.0,38.0,65.0,46.0,26.0
20240314,11:42:59.280,103.0,52.0,36.0,52.0,47.0,26.0
20240314,11:43:02.957,103.0,52.0,37.0,36.0,46.0,26.0
20240314,11:43:06.632,101.0,52.0,38.0,18.0,46.0,27.0
20240314,11:43:10.315,104.0,52.0,36.0,74.0,45.0,26.0
20240314,11:43:13.994,102.0,52.0,37.0,92.0,46.0,27.0
20240314,11:43:17.663,101.0,52.0,37.0,118.0,46.0,26.0
20240314,11:43:21.375,101.0,52.0,37.0,412.0,46.0,26.0
20240314,11:43:25.036,102.0,52.0,39.0,349.0,46.0,27.0
20240314,11:43:28.734,101.0,52.0,37.0,17.0,45.0,26.0
20240314,11:43:32.409,104.0,52.0,38.0,89.0,46.0,27.0
20240314,11:43:36.090,105.0,52.0,36.0,240.0,46.0,27.0
20240314,11:43:39.769,103.0,52.0,37.0,18.0,46.0,26.0
20240314,11:43:43.446,103.0,52.0,38.0,81.0,47.0,26.0
20240314,11:43:47.132,101.0,52.0,37.0,54.0,45.0,27.0
20240314,11:43:50.804,101.0,52.0,38.0,32.0,46.0,27.0
20240314,11:43:54.531,103.0,52.0,38.0,77.0,46.0,27.0
20240314,11:43:58.181,97.0,52.0,37.0,86.0,46.0,27.0
20240314,11:44:01.886,104.0,52.0,36.0,125.0,45.0,27.0
20240314,11:44:05.536,104.0,53.0,37.0,193.0,46.0,26.0
20240314,11:44:09.228,103.0,52.0,38.0,418.0,47.0,27.0
20240314,11:44:12.908,104.0,52.0,37.0,429.0,46.0,27.0
20240314,11:44:16.596,102.0,52.0,37.0,320.0,47.0,26.0
20240314,11:44:20.264,103.0,52.0,38.0,102.0,46.0,26.0
20240314,11:44:23.949,104.0,52.0,38.0,41.0,46.0,26.0
20240314,11:44:27.642,99.0,52.0,38.0,15.0,46.0,26.0
20240314,11:44:31.300,105.0,52.0,37.0,42.0,46.0,27.0
20240314,11:44:34.988,103.0,52.0,39.0,38.0,45.0,26.0
20240314,11:44:38.676,101.0,52.0,37.0,19.0,46.0,27.0
20240314,11:44:42.355,103.0,51.0,36.0,24.0,46.0,27.0
20240314,11:44:46.013,104.0,52.0,37.0,26.0,45.0,26.0
20240314,11:44:49.715,104.0,52.0,37.0,19.0,47.0,27.0
20240314,11:44:53.380,103.0,51.0,38.0,75.0,46.0,26.0
20240314,11:44:57.057,102.0,53.0,38.0,136.0,46.0,26.0
20240314,11:45:00.751,104.0,52.0,37.0,245.0,45.0,27.0
20240314,11:45:04.429,102.0,53.0,37.0,437.0,46.0,27.0
20240314,11:45:08.130,105.0,52.0,37.0,372.0,46.0,27.0
20240314,11:45:11.806,106.0,52.0,36.0,171.0,47.0,26.0
20240314,11:45:15.471,105.0,52.0,36.0,24.0,46.0,26.0
20240314,11:45:19.153,102.0,52.0,37.0,169.0,47.0,28.0
20240314,11:45:22.833,101.0,52.0,37.0,33.0,45.0,27.0
20240314,11:45:26.522,102.0,53.0,36.0,45.0,47.0,26.0
20240314,11:45:30.206,102.0,53.0,38.0,20.0,46.0,27.0
20240314,11:45:33.871,103.0,52.0,38.0,54.0,46.0,27.0
20240314,11:45:37.574,103.0,52.0,38.0,81.0,47.0,25.0
20240314,11:45:41.245,104.0,54.0,36.0,38.0,47.0,26.0
20240314,11:45:44.909,105.0,53.0,37.0,38.0,46.0,27.0
20240314,11:45:48.604,107.0,53.0,37.0,30.0,46.0,27.0
20240314,11:45:52.292,106.0,52.0,37.0,36.0,46.0,26.0
20240314,11:45:55.960,107.0,52.0,37.0,31.0,46.0,27.0
20240314,11:45:59.648,104.0,52.0,37.0,72.0,47.0,26.0
20240314,11:46:03.337,105.0,52.0,37.0,84.0,46.0,26.0
20240314,11:46:07.022,106.0,52.0,37.0,107.0,44.0,27.0
20240314,11:46:10.694,105.0,53.0,38.0,191.0,46.0,26.0
20240314,11:46:14.367,105.0,52.0,38.0,432.0,46.0,27.0
20240314,11:46:18.059,106.0,53.0,38.0,374.0,45.0,27.0
20240314,11:46:21.730,101.0,53.0,37.0,116.0,46.0,26.0
20240314,11:46:25.416,105.0,53.0,37.0,97.0,46.0,27.0
20240314,11:46:29.115,107.0,52.0,36.0,155.0,47.0,27.0
20240314,11:46:32.791,105.0,52.0,37.0,405.0,46.0,28.0
20240314,11:46:36.485,103.0,53.0,38.0,253.0,46.0,26.0
20240314,11:46:40.153,102.0,52.0,38.0,17.0,47.0,27.0
20240314,11:46:43.829,105.0,53.0,37.0,19.0,45.0,27.0
20240314,11:46:47.507,105.0,53.0,38.0,17.0,46.0,27.0
20240314,11:46:51.186,107.0,53.0,37.0,6.0,46.0,26.0
20240314,11:46:54.869,106.0,52.0,37.0,190.0,47.0,26.0
20240314,11:46:58.566,104.0,54.0,37.0,155.0,46.0,27.0
20240314,11:47:02.239,105.0,52.0,37.0,445.0,46.0,27.0
20240314,11:47:05.920,101.0,53.0,37.0,221.0,46.0,28.0
20240314,11:47:09.606,103.0,52.0,37.0,30.0,47.0,25.0
20240314,11:47:13.295,105.0,53.0,37.0,18.0,46.0,27.0
20240314,11:47:16.963,105.0,53.0,37.0,46.0,46.0,26.0
20240314,11:47:20.651,106.0,53.0,37.0,91.0,47.0,26.0
20240314,11:47:24.338,105.0,52.0,37.0,47.0,46.0,26.0
20240314,11:47:28.006,101.0,53.0,39.0,39.0,46.0,27.0
20240314,11:47:31.681,102.0,52.0,38.0,128.0,47.0,26.0
20240314,11:47:35.365,107.0,52.0,37.0,228.0,46.0,27.0
20240314,11:47:39.065,106.0,53.0,38.0,435.0,46.0,27.0
20240314,11:47:42.725,106.0,53.0,38.0,329.0,46.0,27.0
20240314,11:47:46.430,103.0,53.0,38.0,19.0,47.0,27.0
20240314,11:47:50.113,107.0,52.0,36.0,20.0,46.0,27.0
20240314,11:47:53.777,106.0,52.0,38.0,19.0,46.0,27.0
20240314,11:47:57.461,104.0,53.0,37.0,120.0,47.0,27.0
20240314,11:48:01.147,107.0,53.0,37.0,377.0,46.0,26.0
20240314,11:48:04.815,107.0,53.0,38.0,334.0,46.0,27.0
20240314,11:48:08.524,104.0,52.0,37.0,183.0,47.0,27.0
20240314,11:48:12.184,107.0,54.0,37.0,436.0,47.0,27.0
20240314,11:48:15.896,107.0,54.0,36.0,282.0,46.0,27.0
20240314,11:48:19.580,106.0,53.0,37.0,28.0,47.0,27.0
20240314,11:48:23.254,108.0,53.0,36.0,14.0,47.0,27.0
20240314,11:48:26.908,107.0,54.0,36.0,38.0,47.0,26.0
20240314,11:48:30.616,100.0,53.0,37.0,84.0,47.0,27.0
20240314,11:48:34.291,106.0,53.0,38.0,172.0,45.0,27.0
20240314,11:48:37.980,107.0,53.0,38.0,439.0,47.0,28.0
20240314,11:48:41.659,106.0,53.0,37.0,277.0,46.0,27.0
20240314,11:48:45.330,104.0,53.0,38.0,128.0,46.0,26.0
20240314,11:48:49.016,104.0,53.0,37.0,79.0,47.0,27.0
20240314,11:48:52.701,106.0,54.0,38.0,139.0,45.0,27.0
20240314,11:48:56.377,102.0,53.0,37.0,388.0,46.0,26.0
20240314,11:49:00.053,104.0,53.0,36.0,414.0,46.0,28.0
20240314,11:49:03.762,105.0,53.0,38.0,20.0,46.0,27.0
20240314,11:49:07.431,108.0,53.0,36.0,74.0,46.0,28.0
20240314,11:49:11.116,105.0,53.0,36.0,18.0,46.0,27.0
20240314,11:49:14.784,105.0,52.0,38.0,50.0,46.0,27.0
20240314,11:49:18.478,107.0,52.0,38.0,44.0,46.0,28.0
20240314,11:49:22.160,105.0,53.0,37.0,34.0,46.0,27.0
20240314,11:49:25.819,107.0,54.0,36.0,18.0,46.0,27.0
20240314,11:49:29.502,107.0,53.0,38.0,62.0,46.0,27.0
20240314,11:49:33.198,107.0,52.0,36.0,65.0,46.0,26.0
20240314,11:49:36.884,104.0,53.0,37.0,191.0,46.0,27.0
20240314,11:49:40.560,107.0,54.0,36.0,429.0,46.0,27.0
20240314,11:49:44.249,102.0,52.0,38.0,365.0,46.0,28.0
20240314,11:49:47.909,106.0,52.0,37.0,95.0,47.0,27.0
20240314,11:49:51.620,107.0,52.0,37.0,44.0,45.0,27.0
20240314,11:49:55.280,106.0,53.0,38.0,53.0,46.0,26.0
20240314,11:49:58.963,104.0,52.0,37.0,89.0,46.0,27.0
20240314,11:50:02.637,103.0,52.0,37.0,52.0,47.0,27.0
20240314,11:50:06.309,107.0,52.0,36.0,50.0,47.0,25.0
20240314,11:50:09.989,108.0,53.0,37.0,44.0,47.0,26.0
20240314,11:50:13.685,104.0,52.0,37.0,35.0,46.0,25.0
20240314,11:50:17.363,107.0,53.0,37.0,117.0,47.0,27.0
20240314,11:50:21.050,106.0,53.0,37.0,45.0,46.0,26.0
20240314,11:50:24.741,106.0,53.0,39.0,37.0,46.0,28.0
20240314,11:50:28.398,107.0,52.0,37.0,137.0,47.0,27.0
20240314,11:50:32.101,104.0,53.0,37.0,243.0,46.0,27.0
20240314,11:50:35.775,105.0,53.0,37.0,391.0,47.0,26.0
20240314,11:50:39.471,107.0,53.0,37.0,276.0,45.0,27.0
20240314,11:50:43.129,102.0,53.0,37.0,34.0,46.0,27.0
20240314,11:50:46.824,104.0,52.0,37.0,85.0,46.0,27.0
20240314,11:50:50.493,107.0,53.0,38.0,56.0,47.0,28.0
20240314,11:50:54.171,106.0,53.0,37.0,104.0,46.0,27.0
20240314,11:50:57.847,101.0,52.0,37.0,21.0,47.0,26.0
20240314,11:51:01.556,106.0,53.0,38.0,26.0,47.0,26.0
20240314,11:51:05.232,107.0,52.0,38.0,63.0,46.0,26.0
20240314,11:51:08.914,107.0,52.0,37.0,214.0,46.0,27.0
20240314,11:51:12.590,106.0,52.0,37.0,112.0,46.0,26.0
20240314,11:51:16.256,106.0,52.0,37.0,118.0,46.0,27.0
20240314,11:51:19.944,106.0,52.0,38.0,108.0,46.0,27.0
20240314,11:51:23.628,105.0,52.0,38.0,107.0,45.0,27.0
20240314,11:51:27.302,106.0,53.0,37.0,134.0,46.0,26.0
20240314,11:51:30.998,101.0,52.0,37.0,176.0,46.0,27.0
20240314,11:51:34.680,102.0,52.0,37.0,37.0,46.0,26.0
20240314,11:51:38.355,104.0,52.0,38.0,20.0,46.0,27.0
20240314,11:51:42.021,104.0,52.0,36.0,190.0,46.0,27.0
20240314,11:51:45.707,105.0,52.0,39.0,57.0,46.0,28.0
20240314,11:51:49.390,103.0,52.0,37.0,20.0,47.0,26.0
20240314,11:51:53.075,104.0,52.0,37.0,338.0,47.0,25.0
20240314,11:51:56.757,108.0,53.0,38.0,118.0,46.0,27.0
20240314,11:52:00.437,106.0,52.0,37.0,31.0,47.0,26.0
20240314,11:52:04.109,106.0,52.0,37.0,159.0,46.0,27.0
20240314,11:52:07.802,108.0,52.0,38.0,76.0,45.0,27.0
20240314,11:52:11.496,107.0,52.0,37.0,78.0,45.0,26.0
20240314,11:52:15.167,107.0,53.0,37.0,309.0,46.0,27.0
20240314,11:52:18.856,105.0,52.0,38.0,211.0,47.0,26.0
20240314,11:52:22.541,108.0,52.0,37.0,339.0,46.0,27.0
20240314,11:52:26.217,109.0,52.0,36.0,447.0,46.0,27.0
20240314,11:52:29.904,106.0,52.0,38.0,323.0,46.0,26.0
20240314,11:52:33.599,104.0,53.0,37.0,30.0,47.0,27.0
20240314,11:52:37.279,106.0,52.0,37.0,45.0,45.0,27.0
20240314,11:52:40.955,103.0,53.0,36.0,43.0,47.0,26.0
20240314,11:52:44.620,108.0,53.0,37.0,33.0,46.0,27.0
20240314,11:52:48.300,106.0,51.0,38.0,21.0,47.0,26.0
20240314,11:52:51.983,107.0,53.0,38.0,62.0,47.0,26.0
20240314,11:52:55.814,109.0,52.0,36.0,109.0,46.0,27.0
20240314,11:52:59.342,106.0,54.0,37.0,18.0,46.0,27.0
20240314,11:53:03.036,101.0,53.0,37.0,147.0,47.0,27.0
20240314,11:53:06.864,108.0,53.0,38.0,70.0,46.0,26.0
20240314,11:53:10.400,105.0,52.0,37.0,70.0,48.0,27.0
20240314,11:53:14.083,109.0,51.0,37.0,66.0,47.0,26.0
20240314,11:53:17.889,107.0,53.0,38.0,44.0,46.0,27.0
20240314,11:53:21.436,106.0,52.0,37.0,153.0,46.0,26.0
20240314,11:53:25.110,104.0,52.0,37.0,143.0,45.0,26.0
20240314,11:53:28.926,105.0,52.0,38.0,368.0,46.0,27.0
20240314,11:53:32.467,107.0,52.0,37.0,411.0,47.0,25.0
20240314,11:53:36.170,107.0,52.0,38.0,277.0,45.0,27.0
20240314,11:53:40.000,105.0,53.0,37.0,91.0,47.0,26.0
20240314,11:53:43.536,107.0,53.0,37.0,132.0,47.0,28.0
20240314,11:53:47.202,106.0,53.0,38.0,230.0,47.0,28.0
20240314,11:53:51.024,104.0,53.0,37.0,430.0,46.0,26.0
20240314,11:53:54.588,108.0,53.0,37.0,399.0,46.0,27.0
20240314,11:53:58.263,108.0,53.0,38.0,289.0,45.0,27.0
20240314,11:54:02.089,105.0,52.0,38.0,48.0,46.0,27.0
20240314,11:54:05.621,105.0,52.0,38.0,146.0,46.0,26.0
20240314,11:54:09.318,105.0,52.0,37.0,28.0,46.0,26.0
20240314,11:54:13.155,108.0,53.0,37.0,16.0,47.0,27.0
20240314,11:54:16.666,107.0,53.0,37.0,223.0,46.0,26.0
20240314,11:54:20.350,107.0,52.0,37.0,294.0,46.0,27.0
20240314,11:54:24.205,105.0,53.0,37.0,138.0,45.0,27.0
20240314,11:54:27.709,106.0,52.0,37.0,34.0,47.0,27.0
20240314,11:54:31.400,108.0,52.0,37.0,114.0,46.0,27.0
20240314,11:54:35.246,104.0,52.0,37.0,133.0,46.0,26.0
20240314,11:54:38.767,105.0,52.0,37.0,427.0,47.0,26.0
20240314,11:54:42.462,108.0,53.0,38.0,349.0,47.0,26.0
20240314,11:54:46.306,107.0,53.0,37.0,77.0,47.0,28.0
20240314,11:54:49.807,105.0,53.0,38.0,86.0,47.0,27.0
20240314,11:54:53.510,109.0,53.0,37.0,130.0,47.0,27.0
20240314,11:54:57.357,107.0,53.0,39.0,263.0,46.0,28.0
20240314,11:55:00.873,107.0,53.0,38.0,412.0,47.0,27.0
20240314,11:55:04.544,105.0,53.0,38.0,192.0,46.0,26.0
20240314,11:55:08.413,106.0,53.0,38.0,16.0,47.0,27.0
20240314,11:55:11.922,109.0,55.0,39.0,65.0,47.0,34.0
20240314,11:55:15.604,106.0,54.0,40.0,50.0,46.0,47.0
20240314,11:55:19.465,111.0,56.0,41.0,34.0,47.0,61.0
20240314,11:55:22.955,110.0,55.0,40.0,20.0,47.0,74.0
20240314,11:55:26.628,107.0,56.0,42.0,55.0,46.0,88.0
20240314,11:55:30.499,109.0,63.0,42.0,103.0,47.0,71.0
20240314,11:55:33.998,109.0,63.0,42.0,22.0,46.0,74.0
20240314,11:55:37.669,109.0,61.0,41.0,74.0,47.0,67.0
20240314,11:55:41.553,106.0,59.0,40.0,33.0,47.0,57.0
20240314,11:55:45.039,109.0,59.0,41.0,80.0,48.0,54.0
20240314,11:55:48.709,110.0,58.0,41.0,149.0,47.0,52.0
20240314,11:55:52.390,110.0,61.0,39.0,420.0,47.0,50.0
20240314,11:55:56.073,113.0,61.0,41.0,361.0,47.0,77.0
20240314,11:55:59.761,110.0,59.0,41.0,46.0,48.0,74.0
20240314,11:56:03.434,108.0,59.0,42.0,30.0,46.0,87.0
20240314,11:56:07.124,111.0,59.0,42.0,35.0,47.0,95.0
20240314,11:56:10.813,112.0,62.0,40.0,84.0,47.0,86.0
20240314,11:56:14.492,112.0,61.0,42.0,143.0,47.0,96.0
20240314,11:56:18.170,109.0,60.0,41.0,404.0,48.0,93.0
20240314,11:56:21.868,110.0,60.0,40.0,95.0,47.0,75.0
20240314,11:56:25.540,114.0,60.0,40.0,19.0,47.0,63.0
20240314,11:56:29.223,117.0,60.0,40.0,28.0,47.0,81.0
20240314,11:56:32.903,114.0,58.0,41.0,74.0,48.0,77.0
20240314,11:56:36.589,112.0,60.0,42.0,21.0,47.0,92.0
20240314,11:56:40.243,112.0,60.0,43.0,49.0,47.0,128.0
20240314,11:56:43.930,112.0,60.0,42.0,108.0,47.0,103.0
20240314,11:56:47.612,109.0,62.0,40.0,328.0,48.0,86.0
20240314,11:56:51.293,106.0,61.0,41.0,406.0,47.0,86.0
20240314,11:56:54.994,113.0,60.0,43.0,106.0,47.0,75.0
20240314,11:56:58.680,117.0,61.0,42.0,34.0,47.0,72.0
20240314,11:57:02.345,114.0,63.0,40.0,49.0,48.0,72.0
20240314,11:57:06.043,113.0,62.0,43.0,74.0,47.0,91.0
20240314,11:57:09.721,117.0,61.0,41.0,154.0,46.0,89.0
20240314,11:57:13.398,116.0,61.0,41.0,445.0,46.0,111.0
20240314,11:57:17.086,117.0,61.0,40.0,28.0,47.0,104.0
20240314,11:57:20.772,114.0,61.0,40.0,47.0,48.0,95.0
20240314,11:57:24.451,109.0,59.0,41.0,63.0,47.0,78.0
20240314,11:57:28.122,112.0,59.0,42.0,81.0,47.0,73.0
20240314,11:57:31.801,117.0,58.0,41.0,158.0,47.0,81.0
20240314,11:57:35.492,114.0,58.0,42.0,432.0,46.0,84.0
20240314,11:57:39.181,114.0,60.0,41.0,356.0,47.0,90.0
20240314,11:57:42.858,116.0,58.0,41.0,64.0,47.0,92.0
20240314,11:57:46.550,117.0,59.0,43.0,81.0,48.0,93.0
20240314,11:57:50.212,114.0,58.0,42.0,439.0,47.0,90.0
20240314,11:57:53.968,116.0,59.0,41.0,396.0,49.0,79.0
20240314,11:57:57.664,113.0,61.0,41.0,367.0,47.0,71.0
20240314,11:58:01.333,110.0,60.0,41.0,40.0,46.0,65.0
20240314,11:58:05.031,112.0,61.0,42.0,20.0,47.0,57.0
20240314,11:58:08.713,114.0,60.0,41.0,22.0,47.0,70.0
20240314,11:58:12.378,115.0,60.0,41.0,27.0,47.0,144.0
20240314,11:58:16.064,113.0,60.0,41.0,100.0,48.0,129.0
20240314,11:58:19.741,116.0,60.0,41.0,372.0,47.0,121.0
20240314,11:58:23.435,119.0,62.0,42.0,103.0,46.0,116.0
20240314,11:58:27.125,117.0,62.0,41.0,68.0,47.0,115.0
20240314,11:58:30.802,118.0,60.0,40.0,236.0,46.0,115.0
20240314,11:58:34.471,116.0,61.0,40.0,401.0,47.0,113.0
20240314,11:58:38.176,114.0,67.0,42.0,27.0,48.0,94.0
20240314,11:58:41.845,118.0,65.0,41.0,20.0,47.0,85.0
20240314,11:58:45.518,117.0,62.0,41.0,19.0,47.0,79.0
20240314,11:58:49.198,116.0,62.0,41.0,89.0,48.0,86.0
20240314,11:58:52.876,118.0,61.0,41.0,191.0,48.0,119.0
20240314,11:58:56.575,116.0,63.0,41.0,419.0,47.0,128.0
20240314,11:59:00.261,112.0,64.0,42.0,47.0,46.0,140.0
20240314,11:59:03.928,117.0,64.0,41.0,45.0,48.0,128.0
20240314,11:59:07.629,114.0,62.0,40.0,138.0,48.0,132.0
20240314,11:59:11.301,116.0,62.0,42.0,443.0,47.0,113.0
20240314,11:59:14.977,120.0,61.0,40.0,76.0,46.0,100.0
20240314,11:59:18.665,119.0,64.0,43.0,52.0,47.0,106.0
20240314,11:59:22.349,118.0,63.0,42.0,397.0,47.0,113.0
20240314,11:59:26.033,116.0,63.0,42.0,291.0,47.0,101.0
20240314,11:59:29.715,116.0,65.0,42.0,81.0,47.0,99.0
20240314,11:59:33.392,115.0,65.0,42.0,203.0,47.0,131.0
20240314,11:59:37.071,115.0,64.0,43.0,294.0,48.0,122.0
20240314,11:59:40.772,116.0,65.0,41.0,22.0,48.0,137.0
20240314,11:59:44.464,120.0,65.0,42.0,45.0,47.0,133.0
20240314,11:59:48.137,116.0,66.0,40.0,147.0,47.0,111.0
20240314,11:59:51.804,114.0,64.0,41.0,429.0,47.0,87.0
20240314,11:59:55.516,116.0,64.0,41.0,32.0,47.0,74.0
20240314,11:59:59.188,113.0,64.0,40.0,71.0,46.0,80.0
20240314,12:00:02.856,117.0,63.0,41.0,165.0,46.0,79.0
20240314,12:00:06.533,115.0,62.0,41.0,448.0,47.0,99.0
20240314,12:00:10.233,116.0,62.0,40.0,25.0,47.0,156.0
20240314,12:00:13.895,110.0,61.0,42.0,131.0,47.0,161.0
20240314,12:00:17.590,112.0,60.0,40.0,44.0,47.0,161.0
20240314,12:00:21.265,114.0,61.0,42.0,81.0,47.0,144.0
20240314,12:00:24.958,110.0,60.0,41.0,182.0,46.0,110.0
20240314,12:00:28.638,114.0,60.0,40.0,357.0,48.0,89.0
20240314,12:00:32.318,110.0,61.0,40.0,62.0,47.0,83.0
20240314,12:00:35.998,111.0,62.0,41.0,56.0,46.0,76.0
20240314,12:00:39.677,113.0,60.0,42.0,53.0,47.0,77.0
20240314,12:00:43.360,108.0,59.0,41.0,56.0,47.0,74.0
20240314,12:00:47.042,109.0,62.0,43.0,85.0,47.0,80.0
20240314,12:00:50.711,104.0,62.0,42.0,50.0,46.0,79.0
20240314,12:00:54.400,111.0,62.0,42.0,54.0,47.0,86.0
20240314,12:00:58.085,110.0,64.0,40.0,47.0,48.0,92.0
20240314,12:01:01.773,110.0,62.0,40.0,37.0,48.0,91.0
20240314,12:01:05.459,110.0,63.0,40.0,195.0,47.0,93.0
20240314,12:01:09.151,106.0,61.0,42.0,404.0,47.0,74.0
20240314,12:01:12.814,109.0,61.0,41.0,434.0,47.0,79.0
20240314,12:01:16.494,107.0,64.0,42.0,424.0,47.0,85.0
20240314,12:01:20.183,110.0,66.0,43.0,340.0,47.0,88.0
20240314,12:01:23.872,110.0,69.0,42.0,151.0,46.0,78.0
20240314,12:01:27.541,110.0,71.0,41.0,73.0,46.0,75.0
20240314,12:01:31.237,106.0,69.0,42.0,74.0,47.0,73.0
20240314,12:01:34.918,109.0,69.0,41.0,80.0,47.0,71.0
20240314,12:01:38.598,106.0,65.0,41.0,96.0,47.0,67.0
20240314,12:01:42.266,112.0,65.0,41.0,321.0,47.0,104.0
20240314,12:01:45.960,109.0,64.0,41.0,392.0,47.0,95.0
20240314,12:01:49.647,110.0,63.0,41.0,418.0,48.0,78.0
20240314,12:01:53.332,108.0,62.0,41.0,295.0,46.0,66.0
20240314,12:01:57.017,113.0,62.0,41.0,32.0,47.0,70.0
20240314,12:02:00.688,112.0,62.0,42.0,54.0,47.0,110.0
20240314,12:02:04.377,109.0,64.0,42.0,63.0,47.0,114.0
20240314,12:02:08.042,116.0,62.0,41.0,76.0,47.0,158.0
20240314,12:02:11.747,112.0,62.0,43.0,136.0,46.0,211.0
20240314,12:02:15.407,114.0,63.0,42.0,450.0,47.0,177.0
20240314,12:02:19.089,111.0,62.0,41.0,397.0,47.0,186.0
20240314,12:02:22.791,110.0,63.0,42.0,126.0,48.0,163.0
20240314,12:02:26.474,110.0,65.0,41.0,21.0,47.0,121.0
20240314,12:02:30.150,111.0,66.0,40.0,19.0,48.0,99.0
20240314,12:02:33.818,115.0,66.0,41.0,56.0,47.0,80.0
20240314,12:02:37.506,115.0,66.0,41.0,51.0,48.0,110.0
20240314,12:02:41.191,115.0,65.0,43.0,65.0,47.0,164.0
20240314,12:02:44.879,117.0,64.0,42.0,69.0,48.0,143.0
20240314,12:02:48.548,118.0,63.0,43.0,134.0,47.0,119.0
20240314,12:02:52.245,116.0,64.0,42.0,345.0,48.0,117.0
20240314,12:02:55.924,117.0,63.0,40.0,389.0,47.0,139.0
20240314,12:02:59.610,114.0,62.0,41.0,45.0,47.0,110.0
20240314,12:03:03.282,112.0,63.0,40.0,62.0,47.0,94.0
20240314,12:03:06.963,115.0,61.0,41.0,162.0,47.0,90.0
20240314,12:03:10.659,113.0,62.0,42.0,372.0,46.0,92.0
20240314,12:03:14.338,113.0,61.0,42.0,417.0,47.0,119.0
20240314,12:03:18.023,116.0,62.0,40.0,156.0,48.0,110.0
20240314,12:03:21.699,114.0,60.0,41.0,44.0,47.0,106.0
20240314,12:03:25.394,114.0,60.0,41.0,79.0,47.0,95.0
20240314,12:03:29.074,114.0,60.0,43.0,139.0,47.0,97.0
20240314,12:03:32.763,112.0,61.0,42.0,417.0,47.0,98.0
20240314,12:03:36.447,112.0,62.0,41.0,229.0,47.0,87.0
20240314,12:03:40.126,114.0,62.0,41.0,107.0,46.0,74.0
20240314,12:03:43.808,120.0,61.0,40.0,242.0,47.0,80.0
20240314,12:03:47.486,116.0,62.0,40.0,445.0,47.0,101.0
20240314,12:03:51.179,115.0,63.0,42.0,227.0,46.0,113.0
20240314,12:03:54.861,116.0,62.0,41.0,32.0,48.0,130.0
20240314,12:03:58.534,118.0,62.0,42.0,50.0,47.0,133.0
20240314,12:04:02.227,115.0,61.0,42.0,80.0,47.0,159.0
20240314,12:04:05.910,115.0,65.0,43.0,437.0,47.0,145.0
20240314,12:04:09.580,115.0,66.0,42.0,317.0,48.0,136.0
20240314,12:04:13.273,115.0,64.0,41.0,118.0,47.0,114.0
20240314,12:04:16.962,112.0,64.0,40.0,322.0,47.0,94.0
20240314,12:04:20.648,114.0,66.0,41.0,426.0,48.0,93.0
20240314,12:04:24.339,114.0,67.0,40.0,298.0,47.0,120.0
20240314,12:04:28.010,114.0,68.0,42.0,33.0,47.0,137.0
20240314,12:04:31.701,112.0,64.0,41.0,61.0,46.0,126.0
20240314,12:04:35.365,112.0,64.0,40.0,102.0,47.0,121.0
20240314,12:04:39.070,112.0,63.0,40.0,436.0,46.0,119.0
20240314,12:04:42.754,114.0,63.0,42.0,206.0,47.0,94.0
20240314,12:04:46.440,113.0,61.0,41.0,112.0,48.0,89.0
20240314,12:04:50.107,112.0,63.0,40.0,234.0,47.0,82.0
20240314,12:04:53.783,115.0,65.0,42.0,350.0,48.0,73.0
20240314,12:04:57.483,117.0,67.0,41.0,415.0,46.0,77.0
20240314,12:05:01.152,116.0,66.0,41.0,271.0,47.0,77.0
20240314,12:05:04.850,116.0,65.0,41.0,24.0,47.0,89.0
20240314,12:05:08.530,117.0,64.0,41.0,21.0,47.0,115.0
20240314,12:05:12.202,115.0,62.0,41.0,141.0,47.0,154.0
20240314,12:05:15.902,114.0,61.0,40.0,440.0,48.0,125.0
20240314,12:05:19.590,115.0,62.0,42.0,29.0,47.0,114.0
20240314,12:05:23.273,117.0,62.0,41.0,44.0,47.0,101.0
20240314,12:05:26.952,111.0,61.0,43.0,98.0,47.0,110.0
20240314,12:05:30.610,113.0,62.0,40.0,247.0,48.0,90.0
20240314,12:05:34.308,113.0,63.0,42.0,432.0,47.0,75.0
20240314,12:05:37.993,113.0,65.0,40.0,207.0,46.0,72.0
20240314,12:05:41.667,112.0,65.0,41.0,49.0,48.0,89.0
20240314,12:05:45.366,115.0,64.0,42.0,347.0,47.0,87.0
20240314,12:05:49.052,115.0,63.0,41.0,355.0,47.0,79.0
20240314,12:05:52.714,114.0,63.0,42.0,21.0,47.0,87.0
20240314,12:05:56.416,117.0,63.0,41.0,30.0,47.0,82.0
20240314,12:06:00.082,112.0,69.0,43.0,161.0,46.0,103.0
20240314,12:06:03.755,111.0,71.0,42.0,319.0,46.0,104.0
20240314,12:06:07.450,113.0,68.0,40.0,341.0,47.0,89.0
20240314,12:06:11.132,113.0,66.0,41.0,25.0,47.0,75.0
20240314,12:06:14.815,114.0,69.0,41.0,50.0,46.0,67.0
20240314,12:06:18.484,113.0,69.0,41.0,357.0,47.0,65.0
20240314,12:06:22.185,116.0,67.0,43.0,363.0,47.0,75.0
20240314,12:06:25.874,115.0,68.0,42.0,25.0,47.0,80.0
20240314,12:06:29.542,113.0,66.0,42.0,25.0,47.0,87.0
20240314,12:06:33.232,113.0,67.0,41.0,24.0,49.0,85.0
20240314,12:06:36.897,116.0,65.0,40.0,26.0,47.0,88.0
20240314,12:06:40.569,112.0,63.0,40.0,23.0,47.0,84.0
20240314,12:06:44.253,112.0,63.0,40.0,72.0,47.0,71.0
20240314,12:06:47.938,113.0,62.0,41.0,135.0,47.0,65.0
20240314,12:06:51.630,119.0,66.0,41.0,432.0,48.0,66.0
20240314,12:06:55.305,118.0,67.0,41.0,237.0,46.0,99.0
20240314,12:06:58.983,115.0,65.0,41.0,28.0,47.0,109.0
20240314,12:07:02.677,113.0,67.0,42.0,60.0,47.0,108.0
20240314,12:07:06.345,115.0,68.0,43.0,131.0,48.0,97.0
20240314,12:07:10.037,113.0,69.0,42.0,335.0,47.0,115.0
20240314,12:07:13.717,116.0,67.0,40.0,378.0,47.0,106.0
20240314,12:07:17.418,115.0,67.0,41.0,63.0,47.0,92.0
20240314,12:07:21.091,114.0,65.0,40.0,80.0,46.0,77.0
20240314,12:07:24.756,115.0,66.0,40.0,166.0,46.0,70.0
20240314,12:07:28.458,114.0,67.0,41.0,439.0,47.0,69.0
20240314,12:07:32.145,112.0,70.0,41.0,36.0,47.0,77.0
20240314,12:07:35.825,114.0,69.0,41.0,54.0,46.0,74.0
20240314,12:07:39.503,113.0,68.0,41.0,80.0,47.0,90.0
20240314,12:07:43.173,114.0,66.0,41.0,162.0,48.0,81.0
20240314,12:07:46.859,114.0,65.0,40.0,438.0,47.0,68.0
20240314,12:07:50.554,113.0,66.0,40.0,19.0,46.0,59.0
20240314,12:07:54.223,114.0,67.0,40.0,19.0,47.0,60.0
20240314,12:07:57.910,114.0,67.0,40.0,20.0,47.0,56.0
20240314,12:08:01.576,111.0,67.0,41.0,20.0,47.0,54.0
20240314,12:08:05.265,108.0,68.0,41.0,21.0,47.0,60.0
20240314,12:08:08.929,114.0,68.0,42.0,43.0,47.0,67.0
20240314,12:08:12.607,114.0,67.0,40.0,79.0,46.0,72.0
20240314,12:08:16.303,115.0,65.0,41.0,417.0,47.0,65.0
20240314,12:08:19.985,113.0,73.0,39.0,356.0,47.0,58.0
20240314,12:08:23.680,110.0,71.0,41.0,61.0,47.0,56.0
20240314,12:08:27.351,113.0,69.0,41.0,83.0,47.0,58.0
20240314,12:08:31.042,109.0,68.0,42.0,150.0,47.0,76.0
20240314,12:08:34.708,112.0,67.0,42.0,384.0,47.0,89.0
20240314,12:08:38.395,112.0,67.0,41.0,400.0,47.0,70.0
20240314,12:08:42.089,112.0,72.0,41.0,196.0,47.0,60.0
20240314,12:08:45.769,112.0,72.0,41.0,25.0,46.0,55.0
20240314,12:08:49.451,109.0,71.0,40.0,113.0,46.0,58.0
20240314,12:08:53.140,113.0,67.0,43.0,256.0,46.0,80.0
20240314,12:08:56.817,118.0,67.0,41.0,355.0,47.0,88.0
20240314,12:09:00.486,115.0,65.0,42.0,37.0,47.0,121.0
20240314,12:09:04.176,115.0,68.0,41.0,38.0,47.0,134.0
20240314,12:09:07.846,115.0,66.0,41.0,75.0,47.0,100.0
20240314,12:09:11.554,114.0,69.0,41.0,209.0,46.0,84.0
20240314,12:09:15.215,112.0,72.0,41.0,437.0,46.0,71.0
20240314,12:09:18.909,115.0,71.0,40.0,282.0,47.0,81.0
20240314,12:09:22.592,115.0,68.0,42.0,150.0,47.0,95.0
20240314,12:09:26.277,115.0,68.0,41.0,419.0,46.0,104.0
20240314,12:09:29.972,115.0,67.0,40.0,326.0,47.0,105.0
20240314,12:09:33.647,114.0,65.0,40.0,22.0,47.0,87.0
20240314,12:09:37.326,112.0,64.0,41.0,20.0,47.0,76.0
20240314,12:09:41.005,113.0,64.0,40.0,33.0,47.0,75.0
20240314,12:09:44.685,115.0,63.0,41.0,23.0,47.0,68.0
20240314,12:09:48.364,118.0,63.0,40.0,47.0,46.0,82.0
20240314,12:09:52.041,112.0,65.0,40.0,23.0,47.0,73.0
20240314,12:09:55.734,113.0,64.0,41.0,71.0,47.0,81.0
20240314,12:09:59.419,112.0,63.0,42.0,146.0,48.0,80.0
20240314,12:10:03.076,114.0,62.0,40.0,373.0,47.0,80.0
20240314,12:10:06.773,114.0,63.0,39.0,337.0,47.0,67.0
20240314,12:10:10.465,111.0,64.0,40.0,48.0,47.0,60.0
20240314,12:10:14.157,111.0,67.0,40.0,30.0,47.0,55.0
20240314,12:10:17.806,111.0,65.0,40.0,75.0,47.0,50.0
20240314,12:10:21.499,108.0,66.0,42.0,71.0,47.0,55.0
20240314,12:10:25.166,121.0,66.0,40.0,89.0,47.0,68.0
20240314,12:10:28.859,119.0,65.0,43.0,331.0,47.0,94.0
20240314,12:10:32.546,115.0,65.0,39.0,427.0,47.0,86.0
20240314,12:10:36.231,112.0,62.0,40.0,327.0,47.0,70.0
20240314,12:10:39.902,115.0,68.0,40.0,79.0,47.0,63.0
20240314,12:10:43.598,120.0,67.0,41.0,43.0,48.0,67.0
20240314,12:10:47.259,116.0,68.0,41.0,37.0,47.0,59.0
20240314,12:10:50.953,115.0,66.0,40.0,21.0,47.0,57.0
20240314,12:10:54.635,115.0,66.0,41.0,68.0,47.0,54.0
20240314,12:10:58.307,115.0,66.0,41.0,136.0,48.0,59.0
20240314,12:11:01.989,115.0,65.0,42.0,300.0,47.0,67.0
20240314,12:11:05.679,115.0,64.0,42.0,410.0,46.0,80.0
20240314,12:11:09.356,117.0,63.0,40.0,180.0,47.0,88.0
20240314,12:11:13.052,116.0,63.0,41.0,43.0,47.0,75.0
20240314,12:11:16.732,115.0,62.0,40.0,67.0,47.0,63.0
20240314,12:11:20.390,116.0,62.0,40.0,90.0,48.0,68.0
20240314,12:11:24.087,116.0,61.0,40.0,154.0,47.0,70.0
20240314,12:11:27.777,115.0,61.0,41.0,390.0,46.0,66.0
20240314,12:11:31.445,114.0,61.0,42.0,52.0,47.0,85.0
20240314,12:11:35.138,116.0,60.0,41.0,24.0,47.0,95.0
20240314,12:11:38.809,112.0,61.0,41.0,31.0,47.0,105.0
20240314,12:11:42.481,113.0,62.0,40.0,73.0,47.0,110.0
20240314,12:11:46.181,113.0,63.0,40.0,184.0,47.0,82.0
20240314,12:11:49.867,113.0,62.0,40.0,444.0,46.0,68.0
20240314,12:11:53.547,113.0,61.0,40.0,179.0,47.0,59.0
20240314,12:11:57.229,112.0,62.0,41.0,50.0,47.0,53.0
20240314,12:12:00.904,110.0,61.0,40.0,264.0,47.0,53.0
20240314,12:12:04.589,110.0,61.0,40.0,400.0,48.0,50.0
20240314,12:12:08.281,111.0,60.0,40.0,91.0,47.0,48.0
20240314,12:12:11.948,113.0,60.0,38.0,16.0,47.0,47.0
20240314,12:12:15.650,110.0,59.0,38.0,24.0,46.0,45.0
20240314,12:12:19.308,110.0,59.0,39.0,32.0,47.0,43.0
20240314,12:12:22.978,110.0,59.0,37.0,60.0,48.0,41.0
20240314,12:12:26.678,111.0,59.0,39.0,303.0,46.0,41.0
20240314,12:12:30.367,110.0,59.0,40.0,391.0,46.0,40.0
20240314,12:12:34.048,110.0,58.0,39.0,36.0,47.0,40.0
20240314,12:12:37.713,110.0,59.0,37.0,51.0,47.0,38.0
20240314,12:12:41.407,108.0,58.0,38.0,65.0,46.0,37.0
20240314,12:12:45.079,109.0,58.0,38.0,82.0,47.0,38.0
20240314,12:12:48.756,108.0,56.0,38.0,162.0,47.0,37.0
20240314,12:12:52.451,109.0,57.0,37.0,435.0,47.0,37.0
20240314,12:12:56.130,109.0,57.0,38.0,323.0,46.0,36.0
20240314,12:12:59.819,107.0,56.0,39.0,101.0,47.0,36.0
20240314,12:13:03.497,110.0,57.0,39.0,333.0,47.0,36.0
20240314,12:13:07.191,110.0,59.0,36.0,370.0,47.0,35.0
20240314,12:13:10.871,110.0,57.0,38.0,28.0,47.0,35.0
20240314,12:13:14.550,111.0,57.0,37.0,27.0,47.0,35.0
20240314,12:13:18.226,107.0,57.0,38.0,41.0,46.0,34.0
20240314,12:13:21.916,110.0,58.0,38.0,19.0,47.0,34.0
20240314,12:13:25.582,109.0,56.0,38.0,23.0,47.0,35.0
20240314,12:13:29.252,111.0,57.0,37.0,54.0,48.0,32.0
20240314,12:13:32.944,108.0,56.0,38.0,54.0,47.0,34.0
20240314,12:13:36.620,109.0,57.0,39.0,60.0,47.0,34.0
20240314,12:13:40.305,110.0,56.0,38.0,75.0,47.0,33.0
20240314,12:13:43.970,110.0,56.0,38.0,150.0,48.0,32.0
20240314,12:13:47.676,107.0,56.0,38.0,428.0,47.0,33.0
20240314,12:13:51.341,107.0,56.0,38.0,348.0,47.0,34.0
20240314,12:13:55.043,111.0,56.0,39.0,119.0,48.0,33.0
20240314,12:13:58.735,108.0,57.0,38.0,442.0,47.0,33.0
20240314,12:14:02.406,107.0,57.0,39.0,276.0,47.0,34.0
20240314,12:14:06.099,108.0,57.0,39.0,129.0,46.0,33.0
20240314,12:14:09.772,105.0,56.0,38.0,273.0,47.0,32.0
20240314,12:14:13.460,107.0,58.0,38.0,422.0,47.0,32.0
20240314,12:14:17.144,108.0,56.0,38.0,282.0,46.0,32.0
20240314,12:14:20.820,106.0,56.0,38.0,17.0,46.0,32.0
20240314,12:14:24.497,107.0,56.0,39.0,19.0,47.0,32.0
20240314,12:14:28.191,108.0,57.0,38.0,57.0,47.0,33.0
20240314,12:14:31.877,106.0,56.0,38.0,59.0,47.0,32.0
20240314,12:14:35.539,107.0,56.0,38.0,64.0,47.0,32.0
20240314,12:14:39.229,108.0,55.0,37.0,77.0,47.0,32.0
20240314,12:14:42.903,106.0,55.0,38.0,129.0,47.0,32.0
20240314,12:14:46.598,109.0,55.0,38.0,257.0,47.0,31.0
20240314,12:14:50.283,109.0,54.0,39.0,441.0,48.0,31.0
20240314,12:14:53.953,106.0,55.0,38.0,284.0,47.0,31.0
20240314,12:14:57.638,107.0,55.0,38.0,22.0,47.0,31.0
20240314,12:15:01.312,109.0,55.0,38.0,24.0,47.0,31.0
20240314,12:15:04.995,108.0,55.0,38.0,124.0,47.0,30.0
20240314,12:15:08.685,105.0,54.0,39.0,288.0,47.0,31.0
20240314,12:15:12.358,108.0,54.0,38.0,415.0,46.0,31.0
20240314,12:15:16.050,109.0,55.0,37.0,248.0,47.0,31.0
20240314,12:15:19.749,108.0,55.0,38.0,91.0,47.0,32.0
20240314,12:15:23.407,109.0,54.0,38.0,35.0,47.0,30.0
20240314,12:15:27.102,106.0,55.0,38.0,41.0,47.0,31.0
20240314,12:15:30.776,107.0,55.0,39.0,50.0,47.0,30.0
20240314,12:15:34.451,108.0,54.0,38.0,64.0,47.0,31.0
20240314,12:15:38.140,106.0,53.0,39.0,275.0,47.0,31.0
20240314,12:15:41.823,108.0,55.0,38.0,426.0,45.0,30.0
20240314,12:15:45.514,108.0,55.0,38.0,302.0,47.0,30.0
20240314,12:15:49.205,109.0,54.0,37.0,17.0,48.0,29.0
20240314,12:15:52.859,107.0,54.0,38.0,21.0,47.0,30.0
20240314,12:15:56.546,109.0,54.0,39.0,32.0,47.0,31.0
20240314,12:16:00.228,107.0,54.0,38.0,19.0,46.0,30.0
20240314,12:16:03.924,108.0,55.0,37.0,59.0,46.0,29.0
20240314,12:16:07.595,106.0,54.0,38.0,83.0,46.0,30.0
20240314,12:16:11.280,106.0,54.0,38.0,421.0,48.0,29.0
20240314,12:16:14.960,109.0,54.0,39.0,325.0,47.0,30.0
20240314,12:16:18.655,111.0,54.0,38.0,34.0,47.0,30.0
20240314,12:16:22.322,106.0,54.0,38.0,58.0,47.0,30.0
20240314,12:16:26.009,108.0,54.0,37.0,86.0,47.0,30.0
20240314,12:16:29.674,108.0,54.0,38.0,177.0,47.0,29.0
20240314,12:16:33.354,108.0,54.0,39.0,437.0,46.0,31.0
20240314,12:16:37.058,107.0,53.0,38.0,35.0,47.0,29.0
20240314,12:16:40.721,108.0,54.0,38.0,14.0,47.0,30.0
20240314,12:16:44.409,108.0,54.0,38.0,20.0,47.0,31.0
20240314,12:16:48.071,107.0,54.0,38.0,16.0,47.0,30.0
20240314,12:16:51.752,108.0,54.0,38.0,110.0,47.0,30.0
20240314,12:16:55.446,108.0,53.0,38.0,133.0,46.0,30.0
20240314,12:16:59.113,106.0,52.0,39.0,389.0,47.0,30.0
20240314,12:17:02.807,107.0,54.0,39.0,344.0,47.0,29.0
20240314,12:17:06.480,108.0,53.0,38.0,13.0,47.0,28.0
20240314,12:17:10.169,108.0,53.0,38.0,73.0,47.0,30.0
20240314,12:17:13.863,105.0,53.0,39.0,160.0,47.0,30.0
20240314,12:17:17.534,105.0,53.0,38.0,438.0,47.0,28.0
20240314,12:17:21.214,108.0,53.0,38.0,270.0,46.0,29.0
20240314,12:17:24.911,108.0,53.0,37.0,48.0,47.0,30.0
20240314,12:17:28.590,105.0,52.0,38.0,87.0,46.0,29.0
20240314,12:17:32.256,108.0,53.0,38.0,202.0,47.0,29.0
20240314,12:17:35.949,108.0,53.0,39.0,334.0,47.0,30.0
20240314,12:17:39.627,108.0,54.0,38.0,17.0,47.0,29.0
20240314,12:17:43.324,108.0,53.0,38.0,123.0,47.0,29.0
20240314,12:17:46.994,107.0,53.0,38.0,372.0,48.0,29.0
20240314,12:17:50.675,103.0,53.0,38.0,340.0,47.0,28.0
20240314,12:17:54.356,107.0,53.0,38.0,23.0,47.0,29.0
20240314,12:17:58.032,107.0,54.0,38.0,51.0,48.0,30.0
20240314,12:18:01.729,109.0,54.0,37.0,136.0,46.0,29.0
20240314,12:18:05.403,107.0,54.0,38.0,404.0,47.0,29.0
20240314,12:18:09.095,107.0,53.0,38.0,63.0,46.0,30.0
20240314,12:18:12.775,106.0,52.0,38.0,21.0,48.0,28.0
20240314,12:18:16.444,105.0,53.0,37.0,28.0,46.0,29.0
20240314,12:18:20.125,108.0,54.0,40.0,31.0,47.0,29.0
20240314,12:18:23.798,107.0,53.0,38.0,134.0,48.0,28.0
20240314,12:18:27.478,107.0,53.0,38.0,117.0,47.0,30.0
20240314,12:18:31.171,107.0,52.0,39.0,330.0,47.0,29.0
20240314,12:18:34.853,108.0,52.0,39.0,380.0,46.0,29.0
20240314,12:18:38.536,107.0,52.0,38.0,52.0,47.0,28.0
20240314,12:18:42.224,105.0,53.0,38.0,84.0,47.0,28.0
20240314,12:18:45.909,107.0,52.0,37.0,161.0,47.0,29.0
20240314,12:18:49.597,107.0,53.0,37.0,429.0,47.0,28.0
20240314,12:18:53.261,107.0,54.0,37.0,361.0,47.0,29.0
20240314,12:18:56.956,109.0,53.0,37.0,421.0,47.0,29.0
20240314,12:19:00.644,108.0,52.0,39.0,78.0,48.0,28.0
20240314,12:19:04.308,108.0,52.0,39.0,111.0,46.0,28.0
20240314,12:19:07.998,108.0,52.0,38.0,218.0,47.0,28.0
20240314,12:19:11.693,103.0,53.0,38.0,440.0,47.0,28.0
20240314,12:19:15.374,106.0,52.0,38.0,22.0,48.0,27.0
20240314,12:19:19.058,108.0,52.0,38.0,40.0,47.0,28.0
20240314,12:19:22.733,109.0,52.0,38.0,28.0,47.0,28.0
20240314,12:19:26.415,107.0,54.0,38.0,71.0,47.0,29.0
20240314,12:19:30.075,105.0,52.0,39.0,19.0,47.0,28.0
20240314,12:19:33.755,108.0,52.0,38.0,50.0,47.0,28.0
20240314,12:19:37.444,108.0,52.0,37.0,48.0,47.0,28.0
20240314,12:19:41.115,108.0,53.0,39.0,52.0,47.0,28.0
20240314,12:19:44.801,106.0,53.0,38.0,46.0,46.0,28.0
20240314,12:19:48.488,104.0,51.0,38.0,55.0,47.0,30.0
20240314,12:19:52.169,106.0,52.0,38.0,78.0,47.0,28.0
